Route_ID,Source_Station,Destination_Station,Distance,Duration
1,Leeside,North Cheryl,190 km,2 hours
2,Charlesfort,Port Samanthamouth,64 km,1 hours
3,Copelandfurt,South Jacob,59 km,1 hours
4,Jessicatown,Port Jenniferville,195 km,4 hours
5,New Nathan,Joshuachester,196 km,4 hours
6,Kristenfurt,Zacharyhaven,178 km,1 hours
7,Anaport,Campbellfort,90 km,3 hours
8,Williamsport,West Daniel,189 km,1 hours
9,Smithport,Lake Lisa,109 km,1 hours
10,West Jeffery,Averyburgh,126 km,3 hours
11,Lake Josephborough,Port Brendaville,98 km,4 hours
12,Costahaven,Lake Jason,133 km,2 hours
13,Kyleport,Dianaside,155 km,1 hours
14,Port Amberchester,Theresaside,156 km,3 hours
15,Jonesstad,New Edward,134 km,3 hours
16,North Hannah,West Kennethton,51 km,4 hours
17,Cindyview,Port Kenneth,174 km,1 hours
18,Lesterhaven,West Timothychester,87 km,4 hours
19,Jacksonmouth,Martinport,135 km,3 hours
20,East Jennifer,West Nathanielberg,157 km,4 hours
21,West Rachel,Mckinneyside,195 km,4 hours
22,Scottland,Thomaschester,137 km,4 hours
23,North Melissa,North Jamie,103 km,2 hours
24,Port Jessica,Thomasland,117 km,1 hours
25,Roweside,Anthonyfort,193 km,3 hours
26,East Amandashire,Parkerburgh,158 km,3 hours
27,Hernandezmouth,Campbellfort,71 km,3 hours
28,Lake Sandrafurt,East Jamesview,164 km,1 hours
29,West Melissaside,Wayneburgh,86 km,1 hours
30,Williamsborough,South Angelaborough,51 km,1 hours
31,Lake Daniel,West Angelica,91 km,2 hours
32,East Nicholas,Alexanderton,79 km,4 hours
33,Sarahbury,Lisaview,100 km,4 hours
34,North Jessica,Lake Jenniferville,158 km,2 hours
35,Kathrynport,Ramosport,127 km,2 hours
36,Nguyenburgh,Alexisfort,130 km,3 hours
37,Mcneilview,Ellisside,62 km,4 hours
38,Alexisland,Smithburgh,144 km,1 hours
39,Nicholasberg,North Hannah,79 km,1 hours
40,New Jesse,South Valerieshire,167 km,1 hours
41,Daughertymouth,West Thomasview,135 km,1 hours
42,Parkerburgh,Cookhaven,160 km,1 hours
43,South Shawn,Goodmantown,169 km,3 hours
44,Baileyland,New Kathy,63 km,3 hours
45,Jessicashire,Jonathanchester,179 km,1 hours
46,North Mariahborough,Port Brian,157 km,1 hours
47,Collierside,Wayneburgh,118 km,3 hours
48,South Karen,Lake Christopher,112 km,2 hours
49,Deniseville,South Leah,57 km,4 hours
50,East Thomasberg,South Dannystad,62 km,2 hours
51,North Margaretborough,Kevinton,154 km,1 hours
52,West Gregory,Justintown,147 km,3 hours
53,Melanieville,North Johnchester,75 km,3 hours
54,New Lindseymouth,Sabrinaview,192 km,1 hours
55,Jonesstad,Johnsonbury,111 km,1 hours
56,Karinamouth,Seanberg,132 km,4 hours
57,West Douglas,East Max,131 km,1 hours
58,North Amy,New John,72 km,1 hours
59,Suzanneberg,New Marktown,157 km,3 hours
60,Bonnieside,North Jack,139 km,3 hours
61,New Kathy,South Angelaport,83 km,3 hours
62,Kristenchester,Ashleybury,173 km,2 hours
63,East Jamesville,Suttonbury,191 km,2 hours
64,East Emily,Raytown,86 km,2 hours
65,Kruegerfurt,Meyerhaven,139 km,2 hours
66,Port Shannon,Jimmystad,163 km,2 hours
67,Port Rhondaside,Deanland,127 km,2 hours
68,Port Karenmouth,Bauerside,153 km,4 hours
69,Kellyborough,North Christopherhaven,70 km,2 hours
70,Nelsonland,West Thomas,99 km,3 hours
71,West Jenniferfort,Kellymouth,124 km,3 hours
72,North Aaronbury,North Lisa,76 km,3 hours
73,South David,Michellefort,119 km,3 hours
74,West Kelly,Matthewshaven,158 km,4 hours
75,Malloryview,West Christopherland,100 km,4 hours
76,East Jamesville,Pruittberg,104 km,2 hours
77,Dorothymouth,South Brianna,68 km,3 hours
78,Lake Donna,West Sean,200 km,3 hours
79,Andrewsport,West Alejandrahaven,105 km,3 hours
80,Port Robert,Ibarraborough,156 km,3 hours
81,New Nancyhaven,West Robertside,192 km,4 hours
82,Port Jennifer,Careyberg,180 km,3 hours
83,Ernestberg,Taylorfort,157 km,2 hours
84,West Kenneth,South William,191 km,2 hours
85,Port Ronnie,Ibarraborough,139 km,3 hours
86,Port Jameshaven,Port Katherineville,103 km,1 hours
87,Port Julie,Padillachester,68 km,4 hours
88,West Veronicaville,Morrisonview,121 km,3 hours
89,Lake Holly,Taylorfort,179 km,4 hours
90,Priceside,Lake Daisyton,186 km,3 hours
91,New Walter,Cindyview,179 km,4 hours
92,Tylerfort,Bakerport,171 km,2 hours
93,Hardintown,South Erinfurt,167 km,1 hours
94,Coltonshire,Perezchester,152 km,2 hours
95,East Kristintown,East Joseville,178 km,4 hours
96,Lake Daisyton,Triciaborough,82 km,3 hours
97,East Moniqueport,West Jessicaview,104 km,3 hours
98,Mackberg,East Susan,188 km,4 hours
99,New Juanchester,West Zachary,96 km,3 hours
100,Lake Randyside,Wrightmouth,111 km,1 hours
101,Taylorshire,Smithtown,198 km,4 hours
102,North Aaronhaven,West Stephenburgh,98 km,2 hours
103,New Amber,Millsside,125 km,4 hours
104,Gallegosville,Pruittberg,184 km,1 hours
105,Isabelville,North Jessica,176 km,3 hours
106,Alexandraton,Taylorstad,114 km,3 hours
107,North Darren,Brianton,136 km,3 hours
108,Lewisview,Andersonchester,124 km,1 hours
109,South Teresa,Bruceport,57 km,3 hours
110,Lake Holly,Holtport,192 km,3 hours
111,Jessicabury,Jasonview,120 km,3 hours
112,South Scottbury,Nancyberg,132 km,1 hours
113,North Dianeshire,Brownhaven,187 km,3 hours
114,West Dorothy,South Dianechester,134 km,2 hours
115,New Raymondborough,East Rita,168 km,3 hours
116,Williamsborough,West Alyssa,158 km,2 hours
117,Richardsonfort,Brucefort,90 km,1 hours
118,West Karaberg,Thomasland,93 km,3 hours
119,North Henryview,South Lauraland,57 km,2 hours
120,West Kevinhaven,Lake Erinland,112 km,3 hours
121,South Ashley,Rachelberg,200 km,2 hours
122,Lake Kellie,Davistown,128 km,2 hours
123,Morrisonview,West Brianchester,113 km,4 hours
124,Fowlerbury,Michaeltown,117 km,4 hours
125,West Matthewfort,Santiagobury,121 km,3 hours
126,New Felicia,South Ryanfurt,159 km,1 hours
127,Port Sydney,Lake Kaylafort,51 km,2 hours
128,Port James,Danieltown,180 km,3 hours
129,Hollyberg,West Kevin,193 km,4 hours
130,Lake Christopher,East Thomasberg,139 km,1 hours
131,Lewisview,Lake Kellie,93 km,4 hours
132,West Jessicaview,New Cassandra,122 km,1 hours
133,Lake Laura,West Charleston,127 km,1 hours
134,South Mark,Port John,193 km,2 hours
135,North Melissa,West Zachary,60 km,2 hours
136,Ibarraborough,West Christopherland,87 km,2 hours
137,Russellberg,North Bradleyshire,110 km,1 hours
138,Debraland,Nancyshire,74 km,1 hours
139,New Daniel,Ashleyfurt,108 km,1 hours
140,Rossburgh,West Louis,107 km,3 hours
141,Baileyland,New Nicole,142 km,3 hours
142,East Jamesville,Butlerborough,122 km,4 hours
143,Lake Maryshire,Johnshire,61 km,4 hours
144,Rebeccamouth,North Jamie,105 km,2 hours
145,Justintown,Beckerfort,75 km,2 hours
146,South Robertshire,North Victor,158 km,2 hours
147,Kellyborough,South Timothyton,121 km,1 hours
148,Stanleystad,West Dorothy,149 km,3 hours
149,Loriburgh,East Krystalburgh,187 km,2 hours
150,Justintown,Russellside,175 km,2 hours
151,West Kevinberg,Foxview,155 km,1 hours
152,East Thomasberg,Smithmouth,56 km,1 hours
153,West Vanessafort,North Victor,63 km,1 hours
154,North Jenniferchester,Padillafurt,192 km,2 hours
155,Cuevasview,Russellberg,98 km,4 hours
156,East Jessicamouth,New Catherinehaven,80 km,3 hours
157,Lauriefurt,Thomastown,98 km,2 hours
158,East Johnview,Priceside,69 km,3 hours
159,Lake Jill,Michaeltown,196 km,1 hours
160,West Jessicaview,Matthewshaven,174 km,3 hours
161,West Angelica,Isabelville,51 km,1 hours
162,Richardburgh,South Teresa,132 km,1 hours
163,New Hannahbury,Raytown,147 km,1 hours
164,West Stephenchester,North Robert,151 km,4 hours
165,Coltonshire,Lake Jill,124 km,2 hours
166,Thomastown,Port James,66 km,2 hours
167,Russellside,Charlesmouth,129 km,4 hours
168,Tammyside,East Oliviashire,159 km,4 hours
169,Bennettfurt,Brianhaven,104 km,2 hours
170,New Brittany,Port Jennifer,78 km,1 hours
171,Lake Michaelland,North Lisaview,76 km,3 hours
172,North Jerryland,Thomasside,171 km,4 hours
173,Port Stephanie,Catherineport,105 km,1 hours
174,North Juliechester,East Kimberlyport,161 km,4 hours
175,Martinezport,Chanton,63 km,2 hours
176,East Deannaview,Keithfort,110 km,1 hours
177,North Juliechester,West Charleston,148 km,4 hours
178,Richardburgh,West Isaacbury,187 km,1 hours
179,South Angelaport,North Tammy,99 km,2 hours
180,Greenhaven,New Michael,182 km,1 hours
181,West Peterbury,Port Patriciafurt,133 km,1 hours
182,Port Anthonyburgh,Lake Jennifer,117 km,1 hours
183,Lake Jessefurt,East Cameronborough,190 km,4 hours
184,Jacksonview,New Walter,85 km,4 hours
185,South Travis,West Alexashire,137 km,4 hours
186,West Kennethton,East Whitneymouth,68 km,4 hours
187,Mariaton,North Amy,152 km,4 hours
188,Weaverfurt,Port Gary,191 km,3 hours
189,Simonburgh,Meyerhaven,116 km,2 hours
190,East Thomasberg,Jeffreyton,92 km,2 hours
191,West Brianna,Taraview,91 km,2 hours
192,Carlland,Russellberg,172 km,3 hours
193,Kellyborough,Collierside,101 km,2 hours
194,Lake Dennisfort,Melaniebury,197 km,4 hours
195,Ritterton,Lake Randyside,63 km,3 hours
196,Bakerside,Brianton,94 km,2 hours
197,North Aaronhaven,New Larry,69 km,2 hours
198,Joshuachester,South Ashley,172 km,4 hours
199,Zacharyhaven,Brownfort,152 km,4 hours
200,South Vanessa,East Codymouth,178 km,3 hours
201,Youngfort,Aguirreberg,84 km,3 hours
202,Espinozaton,East Cassandraton,58 km,2 hours
203,West Thomas,New Nathan,193 km,1 hours
204,North Juliechester,Silvaside,164 km,3 hours
205,Rebeccamouth,Alexandraton,198 km,1 hours
206,East Brandonshire,Cynthiahaven,138 km,4 hours
207,West Jamesfurt,Mendozafort,186 km,4 hours
208,Mitchellfort,Keithview,180 km,4 hours
209,West Veronicaville,Perezchester,129 km,3 hours
210,Fosterburgh,Richardsborough,191 km,4 hours
211,Bellshire,Debbiemouth,182 km,3 hours
212,West Jasonland,West Markfurt,94 km,2 hours
213,Davisburgh,Brianton,191 km,3 hours
214,Sullivanchester,Rodriguezburgh,87 km,4 hours
215,Haydenmouth,New Nancyhaven,138 km,4 hours
216,New Edward,West Timothychester,189 km,3 hours
217,Lake Nancy,Port Katherineville,142 km,2 hours
218,Lake Daniel,Davidport,86 km,4 hours
219,Lake Christopherside,East Michaelchester,110 km,2 hours
220,East Emily,Triciaborough,186 km,2 hours
221,Vanessahaven,South Mark,69 km,2 hours
222,Port Steven,Jessicaborough,101 km,2 hours
223,Kristyhaven,Lake Nancy,160 km,2 hours
224,Richardsside,Butlerborough,98 km,4 hours
225,South Rebecca,West Thomasview,123 km,1 hours
226,New Rachelchester,Bruceland,129 km,2 hours
227,West Karafort,North Tammyberg,113 km,3 hours
228,Port Kathryn,South Logan,64 km,3 hours
229,Jamesside,North Michelle,141 km,1 hours
230,Vanessahaven,Port Karenmouth,75 km,3 hours
231,Silvaside,New Felicia,143 km,2 hours
232,Jonathanchester,Owensborough,150 km,1 hours
233,Danielfurt,New Codyfort,78 km,1 hours
234,East Elizabethland,Lake Sandrafurt,154 km,1 hours
235,East Monica,Brianton,90 km,2 hours
236,West Jonathantown,Amandaside,56 km,4 hours
237,Johnville,Port Shannon,155 km,3 hours
238,Franciscomouth,New Erica,60 km,4 hours
239,South Debbie,Kruegerfurt,90 km,3 hours
240,Lauriefurt,West Dorothy,141 km,2 hours
241,North Jenniferchester,North Madison,88 km,2 hours
242,Christinamouth,North Christopherhaven,107 km,2 hours
243,North Zachary,East Cameronborough,61 km,3 hours
244,Stewartside,Catherineport,87 km,4 hours
245,South Rebeccahaven,Lake Donna,97 km,4 hours
246,North Jenniferchester,Moranfurt,52 km,4 hours
247,Murphyberg,Port Anntown,77 km,1 hours
248,New Bradleyfort,Rossburgh,175 km,1 hours
249,Andersonchester,Charlesfort,95 km,1 hours
250,Lisaview,Floydfurt,92 km,4 hours
251,Costahaven,Zacharyhaven,165 km,2 hours
252,South Johnport,West Kennethton,86 km,3 hours
253,East Cheryl,Lake Anthony,133 km,3 hours
254,West Alyssa,New Jenniferport,159 km,1 hours
255,Melanieville,West Cynthia,121 km,2 hours
256,Dawsonmouth,New Lindseymouth,159 km,3 hours
257,Burkestad,South Vanessa,160 km,2 hours
258,Jonathanchester,Ellischester,159 km,3 hours
259,Port Jameshaven,Lake Daisyton,113 km,1 hours
260,Harrisshire,Padillafurt,145 km,4 hours
261,Thomasland,Port Cathytown,100 km,1 hours
262,Ramosport,East Tylerview,54 km,2 hours
263,South Timothyton,Padillachester,145 km,1 hours
264,West Josefurt,East Bradleyville,118 km,2 hours
265,North Amy,New Kerry,146 km,1 hours
266,South Michaelfort,Danieltown,99 km,2 hours
267,Mackhaven,Lake Sandrafurt,159 km,3 hours
268,Michaeltown,Kristyhaven,132 km,3 hours
269,Averyburgh,Grahamchester,129 km,4 hours
270,Jeremyside,Davidshire,86 km,1 hours
271,Fosterbury,Kristenfurt,163 km,1 hours
272,East Brandon,Dawsonmouth,79 km,3 hours
273,Johnstonchester,West Jeffery,76 km,4 hours
274,New Hannahbury,Port Desireeview,155 km,4 hours
275,Margaretstad,Mendezchester,88 km,1 hours
276,Mariastad,South Scottbury,118 km,3 hours
277,Lake Christopher,Copelandfurt,142 km,1 hours
278,South Debbie,Brownview,171 km,2 hours
279,Kelleyberg,New Jenniferport,157 km,1 hours
280,East Amy,Josetown,154 km,1 hours
281,Lake Richard,Fosterburgh,162 km,4 hours
282,Kelseyside,Jessicashire,50 km,4 hours
283,Russellfort,Josetown,113 km,4 hours
284,Lewisview,Joneschester,101 km,4 hours
285,South Marymouth,New Cassandra,190 km,3 hours
286,North Mariahborough,East Tylerview,91 km,4 hours
287,Pruittberg,Henrymouth,98 km,3 hours
288,Davidport,Lake Christianchester,184 km,2 hours
289,West Charleston,Franciscomouth,176 km,2 hours
290,West Lucasland,Williamsport,166 km,2 hours
291,Hudsonstad,Powelltown,109 km,4 hours
292,East Morgan,North Mariahborough,54 km,2 hours
293,New Traci,South Ashley,199 km,1 hours
294,Leehaven,Port Sydney,53 km,3 hours
295,Loganhaven,Scottbury,169 km,3 hours
296,Onealland,Phillipsmouth,172 km,1 hours
297,Lake Josephborough,Mendezbury,190 km,1 hours
298,East Jennifer,West Linda,112 km,3 hours
299,West Cynthia,South Robert,92 km,2 hours
300,Lauraport,Andreahaven,87 km,2 hours
301,North Darren,East Ianmouth,188 km,2 hours
302,Jonesbury,Nguyentown,78 km,1 hours
303,Nguyentown,East Vanessabury,193 km,2 hours
304,Taylorfort,Suttonport,129 km,3 hours
305,Wareview,Thompsonland,74 km,4 hours
306,Charlesmouth,Lake Ashleymouth,118 km,4 hours
307,North Madison,Hannahmouth,107 km,2 hours
308,Davidland,South Alex,133 km,4 hours
309,Kristenfurt,New Daniel,74 km,3 hours
310,New Jesse,Padillafurt,103 km,1 hours
311,Costahaven,Santiagobury,191 km,4 hours
312,West Jonathantown,Kellyside,107 km,4 hours
313,New Shaunburgh,South Sarah,95 km,3 hours
314,New Nancyhaven,Heatherview,87 km,1 hours
315,Millerborough,Mistyview,104 km,3 hours
316,Fosterbury,Mackhaven,80 km,3 hours
317,New Meganfurt,Mendozafort,116 km,3 hours
318,East Ashley,New Codyfort,63 km,2 hours
319,Kaufmanchester,East Amy,66 km,4 hours
320,North Jack,New Edward,174 km,2 hours
321,Butlerborough,Hudsonstad,170 km,1 hours
322,Port Kevin,Fosterburgh,118 km,4 hours
323,West Alejandrahaven,East Cassandraton,123 km,1 hours
324,Jonesborough,East Cameronborough,71 km,4 hours
325,Lake Collin,Tammyhaven,169 km,1 hours
326,Mcneilview,East Stephenmouth,113 km,4 hours
327,East Krystalburgh,Hernandezburgh,118 km,4 hours
328,West Robertside,Costahaven,169 km,3 hours
329,West Alison,Bauerside,199 km,3 hours
330,Lake Donna,Annberg,165 km,3 hours
331,West Karenmouth,West Jeffery,102 km,4 hours
332,East Patricia,Robertchester,69 km,1 hours
333,New Rachelchester,Sethtown,106 km,3 hours
334,Chelsealand,Martinezport,103 km,1 hours
335,South Kayleehaven,Gloriafurt,89 km,4 hours
336,Erinhaven,Jeremyside,52 km,3 hours
337,Thomasside,New Marktown,140 km,4 hours
338,Washingtonchester,East Susan,55 km,1 hours
339,West Tylermouth,West Daniel,126 km,4 hours
340,Isabelville,Smithburgh,144 km,3 hours
341,North Christopherton,Padillachester,173 km,2 hours
342,North Amy,Espinozamouth,93 km,4 hours
343,Christinechester,Richardsside,64 km,4 hours
344,Veronicashire,East Monica,75 km,3 hours
345,North Margaretborough,Heatherfort,171 km,3 hours
346,Amandaton,West Markfurt,77 km,1 hours
347,Dianaside,Rodriguezburgh,163 km,3 hours
348,Simonburgh,West Mariamouth,183 km,3 hours
349,Jonathanchester,Powelltown,102 km,3 hours
350,West Jessicaview,East Ashley,138 km,4 hours
351,North Amy,Lake Robert,175 km,4 hours
352,Suttonbury,Espinozamouth,193 km,3 hours
353,Nguyenside,Amandashire,115 km,4 hours
354,East Moniqueport,Merrittfurt,196 km,4 hours
355,Josechester,Brandonville,148 km,3 hours
356,North Brianville,Bakerport,106 km,1 hours
357,East Angelica,South Susanchester,173 km,4 hours
358,East Michael,Matthewshaven,100 km,3 hours
359,Rachelchester,Davisland,174 km,1 hours
360,Tylerfort,Port Daniel,161 km,3 hours
361,South Ryan,Chapmanborough,191 km,1 hours
362,South Lauraland,South Phillipburgh,177 km,2 hours
363,South Nicholas,Ellisside,125 km,2 hours
364,Allenchester,Port Jenniferville,171 km,4 hours
365,East Melissa,East Jennifer,129 km,1 hours
366,West Christopherland,Joelview,101 km,4 hours
367,South Sarah,West Kennethton,175 km,1 hours
368,North Leahburgh,Jonesstad,199 km,1 hours
369,West Alison,Lake Jared,145 km,1 hours
370,East Bradleyville,South David,94 km,3 hours
371,Margaretstad,South Angelaborough,198 km,3 hours
372,Russohaven,Bauerside,138 km,1 hours
373,South Kyle,West Cindy,72 km,1 hours
374,Jefferyburgh,Lambertville,175 km,4 hours
375,East Jennifer,North Amberburgh,136 km,4 hours
376,Fosterbury,West Thomas,75 km,3 hours
377,Lake Taylor,Lake Randyside,74 km,3 hours
378,Mackberg,Joshuachester,187 km,3 hours
379,Lake Jessefurt,East Moniqueport,125 km,2 hours
380,Theresaside,Smithview,168 km,2 hours
381,Careyberg,East Moniqueport,180 km,4 hours
382,West Gregory,Brianhaven,181 km,2 hours
383,Lake Anthony,North Samantha,161 km,3 hours
384,Lake Aliciashire,Josechester,84 km,4 hours
385,West Kelly,Mendezchester,130 km,1 hours
386,South Logan,Taylorstad,115 km,3 hours
387,Richardsside,Brownview,70 km,3 hours
388,East Jennifer,Lake Randyside,53 km,1 hours
389,Port Kara,Port Katherineville,174 km,1 hours
390,Kathleenland,East Krystalburgh,173 km,4 hours
391,Davisburgh,West Charleston,80 km,1 hours
392,Alexisburgh,Dunnburgh,90 km,3 hours
393,Port Anntown,Lake Feliciaview,65 km,1 hours
394,Danieltown,Mariastad,197 km,2 hours
395,Christopherview,Port Sydney,106 km,1 hours
396,East Kathleenmouth,Christophermouth,174 km,2 hours
397,Ashleybury,Debraborough,169 km,4 hours
398,Matthewchester,New Michellehaven,131 km,4 hours
399,South Kayleehaven,Davidville,187 km,1 hours
400,Williamstad,Jerryborough,79 km,1 hours
401,Lake Johnchester,Kelseyside,139 km,4 hours
402,East Stephanie,South Caseyland,71 km,4 hours
403,Port Rhondaside,Morganville,81 km,1 hours
404,West Brianchester,East Tammyhaven,95 km,4 hours
405,Richardburgh,Johnsonbury,194 km,3 hours
406,South Ashley,Davisburgh,129 km,4 hours
407,North Zachary,Bruceport,70 km,1 hours
408,South Leah,Amberborough,195 km,2 hours
409,Debraland,East Ericland,162 km,4 hours
410,West Rachel,South Timothyton,123 km,3 hours
411,East Jenniferside,New Brittany,130 km,3 hours
412,East Whitneymouth,Port Robert,145 km,1 hours
413,East Omar,New Daniel,145 km,4 hours
414,East Brianland,Jefferyburgh,52 km,3 hours
415,Copelandfurt,Leeborough,108 km,3 hours
416,Beckerfort,Port Katherineville,65 km,2 hours
417,Alexandraton,Christinechester,187 km,2 hours
418,Pamside,West Alyssaland,163 km,3 hours
419,Hardintown,Timside,96 km,2 hours
420,East Stanley,New Raymondborough,103 km,1 hours
421,Hudsonstad,Port Anthonyburgh,93 km,3 hours
422,Christopherberg,West Robertside,93 km,4 hours
423,Hernandezmouth,East Sandraburgh,111 km,4 hours
424,Lake Denise,East Catherineton,100 km,4 hours
425,West Linda,Port Michael,145 km,2 hours
426,Debraborough,Zacharyhaven,171 km,4 hours
427,North Hannah,West Kevinhaven,200 km,3 hours
428,Perezfort,Lake Kaylafort,170 km,4 hours
429,West Jamesfurt,Stephanieland,81 km,4 hours
430,New Bradleyfort,Tanyaview,138 km,2 hours
431,West Robertside,Lake Courtneyborough,127 km,4 hours
432,Smithfurt,Lake Taylor,114 km,1 hours
433,Franciscomouth,Stewartside,57 km,4 hours
434,Ellischester,Williamstad,77 km,1 hours
435,South Travis,Kellymouth,58 km,4 hours
436,West Kenneth,West Diane,72 km,2 hours
437,East Robin,North Tammyberg,84 km,4 hours
438,South Phillip,Millerborough,131 km,4 hours
439,Lake Daniel,Alexandraton,154 km,4 hours
440,South Brianna,Port Valerie,103 km,2 hours
441,Powelltown,Lake Sandrafurt,123 km,2 hours
442,East Jamesville,Hannahmouth,53 km,1 hours
443,West Christopherstad,North Patricia,170 km,3 hours
444,New Nicole,South Kendraton,154 km,2 hours
445,West Christopherland,Taylorview,68 km,2 hours
446,East Johnview,Millerton,95 km,3 hours
447,Port Davidland,Erikburgh,96 km,3 hours
448,Lake Kaylafort,Vanessahaven,80 km,3 hours
449,Mackberg,East Gregory,122 km,3 hours
450,North Jeremiah,South Brianna,109 km,1 hours
451,West Stacyview,New John,135 km,3 hours
452,New Erica,New John,168 km,1 hours
453,South Clintonburgh,Gregoryville,182 km,2 hours
454,North Leahburgh,South Dannystad,127 km,1 hours
455,Lake Lisaland,West Brianna,72 km,1 hours
456,Aguirreberg,West Jeffery,167 km,1 hours
457,Coltonshire,Port Marc,90 km,2 hours
458,North Brianville,Lake Rhondachester,83 km,3 hours
459,Kellymouth,Connerton,165 km,1 hours
460,Washingtonchester,North Patricia,156 km,2 hours
461,Bellshire,Port Carolynstad,122 km,4 hours
462,Chelsealand,Rebeccamouth,182 km,1 hours
463,Lake Daniel,Jonesbury,149 km,1 hours
464,East Jennifer,Port Jennifer,96 km,1 hours
465,East Jennifer,Holmeston,89 km,2 hours
466,West Diane,Lake Erica,160 km,4 hours
467,Josechester,Michaeltown,80 km,3 hours
468,South Teresa,Hollyberg,196 km,4 hours
469,Stacyview,Angelaville,86 km,2 hours
470,Davisland,New Nancyhaven,53 km,2 hours
471,West Jonathantown,Brucefort,142 km,4 hours
472,East Omar,West Scott,200 km,3 hours
473,East Stanley,Port Marc,187 km,4 hours
474,Katherinehaven,Lake Josebury,107 km,4 hours
475,North Michelle,Lake Erica,170 km,1 hours
476,Baileyland,East Stephanie,54 km,1 hours
477,Jasonborough,East Taylor,115 km,1 hours
478,New Daniel,Jonesland,56 km,4 hours
479,Sarahfort,West Josefurt,85 km,2 hours
480,Murphymouth,Matthewfort,99 km,2 hours
481,Dylanport,Smithtown,144 km,3 hours
482,North Hannah,Bonnieside,162 km,4 hours
483,Sarahbury,Alexisburgh,183 km,1 hours
484,North Lisa,Tammyside,119 km,2 hours
485,East Jennifer,South Teresa,160 km,2 hours
486,South Ashley,Kaylaland,162 km,4 hours
487,Peterfurt,North Jamie,109 km,3 hours
488,South Emily,West Christopherland,53 km,1 hours
489,New Rhonda,North Juliechester,194 km,4 hours
490,Monicafurt,Leehaven,152 km,1 hours
491,Lake Donna,Richardport,176 km,3 hours
492,Kaylastad,Michaeltown,76 km,2 hours
493,Richardport,South Ashley,97 km,3 hours
494,Baileyfort,Carlshire,146 km,2 hours
495,Port Jessica,Alexisburgh,191 km,4 hours
496,Russohaven,East Johnfort,153 km,3 hours
497,Lake Jenniferville,Martinezport,191 km,1 hours
498,Michaelville,New Nicoleborough,184 km,4 hours
499,Tammyside,Markstad,173 km,1 hours
500,Jeffreyton,Bellville,180 km,1 hours
501,Bruceport,Wangmouth,135 km,2 hours
502,Christopherview,Perezfort,112 km,3 hours
503,Lewisview,Markstad,83 km,4 hours
504,Bauerside,Bakerside,180 km,2 hours
505,Port Gary,East Robin,117 km,2 hours
506,Pruittberg,Millsside,175 km,2 hours
507,South Robert,Singletonfurt,137 km,4 hours
508,North Caroline,Lauriefurt,53 km,3 hours
509,Robertside,New Hannahbury,200 km,2 hours
510,Carlland,Deanland,161 km,4 hours
511,South Angelaborough,Lake Josephstad,149 km,2 hours
512,Annberg,New Catherinehaven,156 km,4 hours
513,Monicafurt,Brownfort,77 km,2 hours
514,Matthewchester,Morrisonville,67 km,2 hours
515,South Stephanieborough,Karinamouth,184 km,2 hours
516,South Phillipburgh,Richardburgh,173 km,3 hours
517,Port Michael,South Shawn,80 km,4 hours
518,Rachelmouth,Domingueztown,161 km,1 hours
519,Andersenport,Wangmouth,73 km,1 hours
520,North James,Angelaville,139 km,3 hours
521,Amandashire,Josechester,154 km,3 hours
522,Lunaberg,West Anaton,145 km,4 hours
523,West Karaberg,Lake Ashleymouth,73 km,2 hours
524,Amandashire,Jonesbury,64 km,3 hours
525,East Brandon,South Williamstad,154 km,4 hours
526,Tanyaville,Frostport,88 km,2 hours
527,Kevinton,Scottbury,160 km,2 hours
528,Kennethport,Fuentesborough,171 km,3 hours
529,Lunaberg,Port Kenneth,87 km,3 hours
530,Danielfurt,Bauerside,67 km,4 hours
531,South Valerieshire,Lake Lisaland,62 km,1 hours
532,Pruittberg,Seanberg,91 km,3 hours
533,West Stacyview,Brownview,194 km,1 hours
534,Stacyview,New Robin,139 km,4 hours
535,Cynthiaborough,Aliciaborough,101 km,1 hours
536,West Christopherland,South Robertshire,166 km,2 hours
537,North Jack,Crossmouth,90 km,3 hours
538,East Cassandraton,Port Anntown,184 km,2 hours
539,North Johnland,West Mariamouth,168 km,1 hours
540,South Adamfurt,Pearsontown,173 km,2 hours
541,North Rachel,Brettstad,196 km,1 hours
542,Lake Richard,Terryland,200 km,2 hours
543,Craigbury,Kaufmanchester,116 km,1 hours
544,West Alyssaland,West Joelborough,101 km,4 hours
545,South Robert,Youngview,136 km,2 hours
546,North Zachary,Robertside,98 km,1 hours
547,Rachelchester,North Tammyberg,152 km,1 hours
548,Beckerfort,Robertchester,119 km,1 hours
549,South Dawnshire,Elizabethborough,85 km,2 hours
550,East Richard,West Charleston,133 km,2 hours
551,Jessicatown,Collierside,53 km,1 hours
552,Taylorview,East Brandonshire,167 km,4 hours
553,Millerton,Port Jessica,160 km,4 hours
554,South Kayleehaven,Kyleport,195 km,2 hours
555,West Dorothy,Port Davidchester,124 km,1 hours
556,Amberborough,East Angelica,91 km,3 hours
557,Jamesmouth,Mcneilview,200 km,1 hours
558,Brianborough,Mendozafort,152 km,4 hours
559,East Bradley,Lunaberg,78 km,3 hours
560,West Isaacbury,Georgefurt,170 km,3 hours
561,Singletonfurt,Millerborough,186 km,4 hours
562,Drewville,West Kelly,121 km,4 hours
563,East Tammyhaven,Johnmouth,89 km,4 hours
564,Morrisonville,East Melissa,132 km,4 hours
565,Kaylastad,Lake Collin,135 km,4 hours
566,Douglasborough,Jamestown,98 km,4 hours
567,East Robertbury,North Aaronhaven,158 km,1 hours
568,West Christopherland,Kristenfurt,61 km,1 hours
569,South David,West Zachary,191 km,1 hours
570,South Rebecca,East Kathleenmouth,69 km,1 hours
571,South Caseyland,Ashleybury,68 km,4 hours
572,Lake Brian,Lake Courtneyborough,190 km,4 hours
573,Debraborough,New Huntermouth,146 km,4 hours
574,North Brianville,Richardsside,162 km,1 hours
575,Elizabethport,Craigbury,171 km,2 hours
576,Michaelfurt,Kyleton,92 km,4 hours
577,Kaylastad,Martinshire,71 km,3 hours
578,New Eric,East Codymouth,149 km,3 hours
579,Josetown,West Vanessafort,191 km,2 hours
580,Colemanton,Merrittfurt,180 km,3 hours
581,South Phillip,Stevenshire,194 km,1 hours
582,Glennborough,New Robin,128 km,1 hours
583,East Ashley,East Michaelchester,144 km,2 hours
584,Kelleyberg,Laurenton,72 km,4 hours
585,Scottport,Suttonbury,67 km,4 hours
586,East Brianland,Michaelfurt,58 km,4 hours
587,West Maurice,East Robertbury,145 km,4 hours
588,East Rebecca,Williamstad,69 km,4 hours
589,Davidshire,Port Jameshaven,167 km,4 hours
590,Michaelburgh,West Stephenburgh,123 km,1 hours
591,Murphymouth,Port Wandaland,97 km,4 hours
592,Port Adamton,Jonesland,114 km,4 hours
593,Mitchellfort,Lauriefurt,83 km,3 hours
594,Richardsstad,East Cassandraton,56 km,2 hours
595,Mackberg,Heatherview,73 km,3 hours
596,East Loretta,East Patricia,168 km,2 hours
597,South Scottbury,Port Michael,164 km,1 hours
598,South Teresa,Floydfurt,111 km,3 hours
599,West Tylermouth,West Lucasland,146 km,1 hours
600,Brianton,Nancyshire,120 km,2 hours
601,East Christopher,Michaelfurt,156 km,1 hours
602,Port Robert,Bakerport,165 km,3 hours
603,New Jason,West Kelly,84 km,4 hours
604,Lake Peggymouth,Williamsborough,189 km,3 hours
605,Port Sean,Tammyside,70 km,2 hours
606,East Kennethmouth,Lake Randyside,88 km,4 hours
607,East Jamesview,South Jaime,158 km,2 hours
608,New Jesse,North Amy,91 km,2 hours
609,Port Megan,Lake Jason,50 km,3 hours
610,Port Williambury,Lake Josephborough,59 km,1 hours
611,Goodmantown,South Lauraland,172 km,3 hours
612,Annaville,Millerton,126 km,2 hours
613,Williamsmouth,Floresberg,141 km,3 hours
614,Coltonshire,West Jamesfurt,141 km,1 hours
615,West Jamesfurt,North Michelle,73 km,3 hours
616,South Ryan,Nguyenburgh,115 km,2 hours
617,Lewisview,Pearsontown,97 km,4 hours
618,Lake Jacob,North Johnchester,135 km,1 hours
619,West Michael,Smithmouth,140 km,2 hours
620,Wareview,East Omar,129 km,4 hours
621,Lake Randyside,Alexandraton,160 km,4 hours
622,Davidville,South Debbie,78 km,2 hours
623,Lake Johnchester,North Bradleyshire,112 km,2 hours
624,Jacksonview,South Kellyfort,86 km,1 hours
625,Wrightport,Jimmystad,158 km,1 hours
626,West Sarahton,Hollyberg,178 km,1 hours
627,Zacharyhaven,Port Adamton,59 km,1 hours
628,Port Steven,Lake Sandrafurt,192 km,1 hours
629,West Jasonland,Dorothymouth,112 km,2 hours
630,West Terry,Powelltown,77 km,1 hours
631,Brettstad,Grahamchester,72 km,3 hours
632,Pruittberg,North Michelle,55 km,2 hours
633,Beckerfort,North Caroline,65 km,2 hours
634,Kyleville,Port Adam,114 km,2 hours
635,East Robert,Christinechester,173 km,3 hours
636,East Susan,New David,78 km,2 hours
637,East Bethany,Kaylastad,104 km,4 hours
638,Nancyport,West Danielfurt,138 km,2 hours
639,Kyleton,North Jack,122 km,4 hours
640,Kimberlyhaven,Alyssaville,61 km,4 hours
641,Port Samanthamouth,Christianchester,111 km,1 hours
642,Williamsbury,East Bradleyville,147 km,1 hours
643,Victorfort,Johnshire,151 km,3 hours
644,New Edwardborough,East Kathleenmouth,62 km,1 hours
645,Royton,Pruittberg,188 km,4 hours
646,Coltonshire,New Shaunburgh,115 km,3 hours
647,East Tylerview,Carterborough,186 km,4 hours
648,Haydenmouth,East Codymouth,118 km,3 hours
649,South James,Daughertymouth,173 km,1 hours
650,East Johnview,Lisaberg,189 km,3 hours
651,North Christopherhaven,Lake Kaylafort,138 km,1 hours
652,Rachelberg,West Mariamouth,173 km,1 hours
653,Ramosport,North Amy,190 km,4 hours
654,West Karen,East Monica,193 km,4 hours
655,Morrisonville,Keithfort,175 km,4 hours
656,Phillipsmouth,West Markfurt,180 km,1 hours
657,Debraland,Rossburgh,159 km,3 hours
658,Erinhaven,North Tammy,63 km,1 hours
659,Richardsstad,North Rachel,91 km,2 hours
660,Bennettfurt,Kellymouth,144 km,3 hours
661,Lake Feliciaview,Jonesland,120 km,1 hours
662,Flemingmouth,Andreahaven,162 km,4 hours
663,Lorifurt,South Debbie,175 km,2 hours
664,West Veronicaville,Charlesfort,122 km,2 hours
665,Brownview,Bellville,106 km,2 hours
666,Amandaside,North Lisa,92 km,4 hours
667,Port Kenneth,Leeside,69 km,1 hours
668,North Brianville,South Nicholas,191 km,1 hours
669,Briannaport,Allenchester,193 km,4 hours
670,Lake Taylor,Lake Collin,138 km,3 hours
671,Andersenport,Smithview,118 km,2 hours
672,Careyberg,Grantfort,154 km,2 hours
673,West Christinechester,Erikburgh,53 km,4 hours
674,Anthonyfort,Elizabethborough,135 km,2 hours
675,Knappside,Brownport,144 km,4 hours
676,Tammytown,South Stephanieborough,124 km,3 hours
677,West Jamesfurt,West Christinechester,139 km,1 hours
678,Jacksonview,New Elizabethburgh,106 km,2 hours
679,Domingueztown,Dylanport,118 km,1 hours
680,Millsside,Lake Christianchester,129 km,1 hours
681,Millerton,South Kellyfort,187 km,3 hours
682,New Janet,West Linda,185 km,2 hours
683,Port Sydney,South Phillipburgh,136 km,3 hours
684,Lake Jennifer,Lake Jenniferbury,62 km,1 hours
685,North James,Jessicatown,73 km,1 hours
686,Seanberg,Lunaberg,69 km,1 hours
687,Millerton,East Max,112 km,4 hours
688,Moranfurt,Port Amandashire,180 km,4 hours
689,North Jerryland,East Bradleyville,161 km,4 hours
690,West Brucechester,Valerieview,161 km,3 hours
691,Russellberg,Briannaport,142 km,2 hours
692,Millsside,West Cynthia,89 km,2 hours
693,East Amandaberg,New Daniel,78 km,4 hours
694,West Charleston,West Melissaside,148 km,1 hours
695,Silvaside,West Kelsey,94 km,1 hours
696,Brettstad,South Kellyhaven,169 km,1 hours
697,Port Jennifer,Rogerschester,176 km,3 hours
698,Lake Erica,Vegamouth,179 km,4 hours
699,Derricktown,Cookhaven,153 km,4 hours
700,West Brittanyburgh,Thomasfort,131 km,3 hours
701,Lake Christopher,Dylanport,178 km,3 hours
702,Lindachester,West Dennis,118 km,1 hours
703,North Reneeton,East Omar,148 km,4 hours
704,Villarrealview,Amandaside,166 km,2 hours
705,Danieltown,West Karafort,188 km,2 hours
706,South Dawnshire,Wayneburgh,55 km,4 hours
707,North Christopher,Lake Josebury,59 km,3 hours
708,East Catherineton,East Bethany,173 km,3 hours
709,South Laurafurt,West Brianna,189 km,2 hours
710,Espinozaton,Haleyview,128 km,3 hours
711,Collinstown,South Dannystad,86 km,3 hours
712,Singletonfurt,Meyerhaven,158 km,3 hours
713,North Lisa,Jonesmouth,81 km,3 hours
714,North Johnchester,New Adrian,191 km,3 hours
715,Kyleville,Norristown,121 km,3 hours
716,Kennethberg,Elizabethborough,167 km,1 hours
717,East Sandraburgh,East Robin,62 km,2 hours
718,Grahamchester,East Nicholas,97 km,3 hours
719,Smithmouth,Mackberg,70 km,3 hours
720,Gonzalezland,Port Pamelaview,197 km,4 hours
721,East Monica,North Patricia,122 km,4 hours
722,Monicafurt,Lake Michael,63 km,3 hours
723,Erikburgh,South Marymouth,122 km,4 hours
724,North Lisaview,Lake Nancy,171 km,1 hours
725,Port Carolynstad,Port Cathytown,134 km,1 hours
726,East Trevorstad,Lake Christopher,133 km,1 hours
727,Alyssaville,New Daniel,178 km,4 hours
728,New Michellehaven,New Codyfort,71 km,2 hours
729,Port Sean,West Anaton,160 km,3 hours
730,Campbellfort,Bryanfurt,153 km,2 hours
731,Justintown,Terryland,104 km,1 hours
732,Mendozafort,West Kevin,52 km,1 hours
733,Lake Jill,Collinstown,65 km,1 hours
734,Michaeltown,Tammyside,83 km,4 hours
735,West Tiffanyfurt,Moranfurt,132 km,4 hours
736,Campbellfort,Alyssaville,60 km,1 hours
737,Lake Christopher,Port Marc,70 km,2 hours
738,Leeside,East Jamesville,174 km,1 hours
739,South Robertshire,East Bradleyville,72 km,4 hours
740,Meyerhaven,Gonzalezview,60 km,2 hours
741,Loriburgh,Robertburgh,98 km,2 hours
742,Perezchester,Aguirreberg,102 km,1 hours
743,South Regina,New Michaelshire,88 km,3 hours
744,North Melissa,Mooreberg,134 km,4 hours
745,Connerton,Kathrynport,152 km,4 hours
746,East Morgan,West Deborahfort,94 km,3 hours
747,Lake David,New Amber,68 km,3 hours
748,Michaeltown,West Karen,163 km,1 hours
749,Scottbury,Lake Sandrafurt,155 km,4 hours
750,North Juliechester,South Ryanfurt,174 km,1 hours
751,New Nathan,Thomasside,70 km,3 hours
752,Jamestown,New Jenniferport,117 km,4 hours
753,East Gregory,West Michael,92 km,4 hours
754,Johnmouth,Murphyville,155 km,1 hours
755,East Christopher,Richardside,147 km,2 hours
756,West Mariamouth,Chapmanborough,73 km,4 hours
757,Whiteborough,South Kayleehaven,114 km,3 hours
758,Santiagobury,South Ryan,190 km,3 hours
759,Lake Josebury,Rachelberg,71 km,1 hours
760,North Caroline,West Vanessafort,59 km,2 hours
761,Malloryview,North Reneeton,55 km,4 hours
762,Jacksonmouth,Kristintown,186 km,3 hours
763,West Sarahton,Alexandraton,170 km,1 hours
764,New Juanchester,Bryanfurt,175 km,1 hours
765,Mitchellfort,Smithport,175 km,2 hours
766,West Karenmouth,Deniseville,176 km,4 hours
767,Gonzalezland,Christopherborough,152 km,1 hours
768,Jimmystad,Port Marc,90 km,3 hours
769,West Vanessafort,Johnsonton,108 km,2 hours
770,Kyleville,Murphymouth,121 km,4 hours
771,Kellymouth,Priceside,94 km,2 hours
772,South Jacob,Lake Anthonyview,197 km,3 hours
773,Carlshire,East Omar,200 km,1 hours
774,Port Karenmouth,Charlesville,135 km,1 hours
775,Rachelmouth,Bauerside,171 km,4 hours
776,Jessicabury,Jasonview,155 km,2 hours
777,Jamesside,Lake Randyside,109 km,3 hours
778,Lake Laura,Grantfort,118 km,1 hours
779,Hollyberg,Charlesfort,170 km,2 hours
780,Bentonfurt,Port Kenneth,139 km,1 hours
781,North Lauraland,Josephmouth,105 km,2 hours
782,Averyburgh,Port Wandaland,119 km,1 hours
783,South Brianna,Osbornburgh,196 km,2 hours
784,Rogerschester,East Kimberlyport,81 km,1 hours
785,Perezberg,West Jasonland,74 km,3 hours
786,Port James,Davisland,147 km,3 hours
787,Lake Dennisfort,West Charleston,86 km,1 hours
788,South Jaime,Thomasland,197 km,1 hours
789,Jordanmouth,Jonesstad,61 km,4 hours
790,East Jamesview,Craigbury,70 km,1 hours
791,West Kelsey,Kelleyberg,107 km,2 hours
792,North Cheryl,West Angelica,112 km,1 hours
793,Whiteborough,Lesterhaven,155 km,3 hours
794,Victorfort,Isabelchester,89 km,3 hours
795,North Pennyhaven,Lake Daisyton,165 km,3 hours
796,Davidshire,Onealland,54 km,1 hours
797,North Kimchester,North Jerryland,99 km,3 hours
798,Lucasfort,Washingtonchester,69 km,2 hours
799,South Brandon,Morganfurt,200 km,4 hours
800,Lake Erinland,New Daniel,170 km,1 hours
801,Jessicabury,Kyleport,185 km,4 hours
802,South Marymouth,North Bradleyshire,166 km,4 hours
803,West Scott,Lake Michael,58 km,2 hours
804,Deanland,Lake David,102 km,4 hours
805,West Markberg,Robertfurt,164 km,4 hours
806,Dawsonmouth,Ramseyburgh,129 km,4 hours
807,West Michael,Gonzalezland,170 km,3 hours
808,West Sean,Elizabethhaven,84 km,4 hours
809,West Gregory,North Jamie,108 km,4 hours
810,Stevenshire,Suttonport,190 km,1 hours
811,East Patricia,New Juanchester,153 km,1 hours
812,Averyburgh,Brianburgh,123 km,1 hours
813,West Scott,Amandashire,126 km,2 hours
814,South Caseyland,Thomaschester,106 km,4 hours
815,Alexisburgh,East Amy,137 km,3 hours
816,West Stephenburgh,Beckerfort,134 km,4 hours
817,Joneschester,West Brittanyburgh,84 km,1 hours
818,West Michael,Isabelchester,163 km,4 hours
819,Careyberg,East Max,128 km,1 hours
820,Gonzalezland,Lake Jenniferbury,136 km,2 hours
821,Port Robert,Brownfort,94 km,2 hours
822,Harrisshire,Rachelberg,84 km,4 hours
823,North Patricia,Wangmouth,70 km,3 hours
824,Allenchester,Frostport,192 km,2 hours
825,Wareview,Lake Johnchester,109 km,4 hours
826,Kennethport,Smithburgh,57 km,1 hours
827,Georgefurt,South Karen,128 km,1 hours
828,Mooreberg,Villarrealview,101 km,4 hours
829,Triciaborough,New Traci,167 km,1 hours
830,Port Johnny,Garzamouth,184 km,2 hours
831,Riceton,Harringtonside,56 km,2 hours
832,Kruegerfurt,Rachelberg,111 km,1 hours
833,East Rita,New Jesse,139 km,4 hours
834,Brettstad,South Robert,166 km,3 hours
835,Lake Laura,Morrisonville,110 km,1 hours
836,Nancyberg,East Michaelstad,180 km,2 hours
837,Whiteview,Harrellmouth,199 km,2 hours
838,West Matthewborough,Washingtonchester,152 km,2 hours
839,Riceton,East Nicholas,188 km,4 hours
840,South Phillip,East Bradley,137 km,4 hours
841,East Christina,Nancyshire,109 km,1 hours
842,Smithburgh,New Wendy,86 km,3 hours
843,East John,Jefferyburgh,99 km,2 hours
844,Elizabethport,Dylanport,82 km,1 hours
845,Port Davidland,Cynthiahaven,129 km,2 hours
846,North Jeremiah,Jonesland,92 km,1 hours
847,Floydfurt,Duncanton,137 km,3 hours
848,Rachelberg,Michellefort,88 km,4 hours
849,South Michaelfort,Vanessahaven,151 km,1 hours
850,South Rebecca,Kellyside,117 km,3 hours
851,Lake Melanie,West Mariamouth,106 km,1 hours
852,West Gail,Lake Christianchester,98 km,2 hours
853,New Robin,Grantfort,165 km,4 hours
854,Amandashire,Port Rhondaside,78 km,1 hours
855,Rachelchester,Fowlerbury,58 km,2 hours
856,Cooperport,Perezchester,164 km,3 hours
857,South Rebeccahaven,West Sarahton,133 km,1 hours
858,North Kimchester,Port Megan,159 km,2 hours
859,Knappside,Joshuaside,197 km,1 hours
860,Hernandezmouth,Deniseville,141 km,2 hours
861,West Diane,Simpsonstad,146 km,1 hours
862,East Michael,West Gregory,94 km,2 hours
863,Wrightmouth,Nancyberg,70 km,1 hours
864,New April,Port Jenniferville,54 km,4 hours
865,New John,East Jessica,195 km,2 hours
866,West Charleston,Lake Nancy,81 km,2 hours
867,Lake Taylor,Christophermouth,117 km,3 hours
868,Alyssaville,Lake Randyside,124 km,1 hours
869,Victorfort,West Alejandrahaven,122 km,3 hours
870,Juarezburgh,West Markberg,144 km,4 hours
871,Washingtonchester,Jordanmouth,50 km,3 hours
872,Port James,East Amy,176 km,3 hours
873,Perezchester,Matthewshaven,135 km,1 hours
874,East Nicholas,Hughesfort,99 km,1 hours
875,North Samantha,West Danielfurt,122 km,2 hours
876,Wrightport,Lozanochester,174 km,1 hours
877,New Lindseymouth,Brettstad,163 km,2 hours
878,Richardsstad,New Robin,138 km,4 hours
879,East Moniqueport,North Melissa,179 km,3 hours
880,Thomastown,Rogerschester,159 km,1 hours
881,New Michellehaven,Floydfurt,195 km,3 hours
882,New Wendy,Danieltown,93 km,4 hours
883,North Margaretborough,East Monica,183 km,4 hours
884,Osbornburgh,Jonathanchester,57 km,2 hours
885,Kellyside,Douglasborough,180 km,3 hours
886,Lake Brian,West Christopherstad,62 km,1 hours
887,Campbellfort,Jonesstad,190 km,3 hours
888,South Angelaborough,West Kevinhaven,179 km,3 hours
889,Christianchester,Port Pamelaview,186 km,4 hours
890,Matthewshaven,Port Davidchester,111 km,3 hours
891,New Robin,Richardsonfort,165 km,4 hours
892,Hardyview,Jessicashire,120 km,3 hours
893,New Bradleyfort,Fisherfurt,73 km,3 hours
894,Andreahaven,Padillafurt,80 km,3 hours
895,East Bradleyville,Nelsonland,104 km,1 hours
896,Lauraport,Debraborough,173 km,1 hours
897,Andersenport,Port Angela,126 km,1 hours
898,Jennifershire,West Jeffery,126 km,2 hours
899,Campbellhaven,Troyburgh,136 km,2 hours
900,Port Wandaland,North Lisa,61 km,4 hours
901,South Brianna,Millsside,81 km,1 hours
902,East Gregory,South Alison,122 km,1 hours
903,South James,Allenchester,104 km,2 hours
904,North Raymondfurt,Beckerfort,62 km,3 hours
905,Lake Donna,South Alex,196 km,3 hours
906,West Scott,Perezchester,70 km,2 hours
907,Taraborough,Jonathanchester,179 km,3 hours
908,Smithtown,Johnville,157 km,1 hours
909,East Johnnyport,Taylorview,111 km,1 hours
910,Fowlerbury,Mariaton,155 km,2 hours
911,East Christopher,Leeborough,180 km,3 hours
912,Port Katherineville,Brucefort,118 km,2 hours
913,Bonnieside,Port Ronnie,177 km,2 hours
914,Port Robert,Connerton,200 km,2 hours
915,East Bradley,Russellside,151 km,2 hours
916,South Kayleehaven,East Jenniferside,149 km,3 hours
917,Joshuaport,West Dennis,121 km,1 hours
918,West Isaacbury,Margaretstad,97 km,3 hours
919,Youngview,Crossmouth,54 km,1 hours
920,Carlland,Jasonview,138 km,2 hours
921,Changville,Joshuaside,179 km,2 hours
922,Kathrynport,Parkerburgh,84 km,3 hours
923,West Brianna,Rossburgh,174 km,4 hours
924,Kellymouth,Fisherfurt,184 km,1 hours
925,East Kathleenmouth,Lake Jennifer,74 km,1 hours
926,Stevenshire,South Erinfurt,126 km,4 hours
927,Nancyshire,Kellymouth,68 km,2 hours
928,Lake Michael,Bauerside,93 km,4 hours
929,South Vanessa,Rebeccamouth,95 km,2 hours
930,East Jamesview,Andreahaven,144 km,4 hours
931,Jessicashire,South Samuelchester,143 km,2 hours
932,Port Jameshaven,New Jesse,106 km,4 hours
933,West Lucasland,Josephmouth,185 km,3 hours
934,West Linda,Nancyshire,108 km,1 hours
935,Nelsonland,Nancyberg,107 km,4 hours
936,Lake Feliciaview,West Kelsey,164 km,3 hours
937,Simonburgh,Port Patriciafurt,107 km,1 hours
938,Brianborough,Alexisland,98 km,4 hours
939,Fosterbury,South Haleyport,170 km,2 hours
940,Margaretstad,Woodsborough,187 km,2 hours
941,West Matthewfort,West Peterbury,113 km,1 hours
942,East Oliviashire,Simpsonstad,168 km,1 hours
943,Monicafurt,Port Jeffreyton,155 km,2 hours
944,North Melissa,East Amandashire,172 km,3 hours
945,Gallegosville,East Patricia,149 km,2 hours
946,Melanieville,South Phillip,139 km,4 hours
947,Andersonberg,Port Wandaland,163 km,4 hours
948,North Mariahborough,East Amandaberg,183 km,4 hours
949,Jonesstad,Elizabethborough,116 km,4 hours
950,East Amandashire,Annaview,165 km,2 hours
951,Davidshire,East Morgan,181 km,2 hours
952,Nguyenburgh,Butlerborough,126 km,3 hours
953,Brucefort,East Catherineton,58 km,3 hours
954,South Vanessa,New Kathy,151 km,1 hours
955,Ashleybury,Perezberg,101 km,3 hours
956,Wilsonhaven,Lake Lisa,69 km,1 hours
957,Crossmouth,Robertville,186 km,2 hours
958,Steveshire,Rodriguezburgh,190 km,1 hours
959,South Ashley,Carlland,107 km,1 hours
960,Lake Josephborough,East Stephenmouth,143 km,4 hours
961,Lake Kellie,East Joseville,179 km,3 hours
962,Catherineport,East Melissa,111 km,2 hours
963,Matthewshaven,Brownfort,98 km,2 hours
964,Lake Jessefurt,Floydfurt,68 km,1 hours
965,Franciscomouth,Port Brendaville,70 km,2 hours
966,Haleyview,Annberg,104 km,4 hours
967,Briannaport,South Sarah,104 km,3 hours
968,Lake Lisa,Robertville,188 km,1 hours
969,Burkestad,Mendozafort,200 km,3 hours
970,Lake Erica,Sabrinaview,177 km,3 hours
971,South Travis,Port Jessica,55 km,4 hours
972,East Nicholas,East Cheryl,173 km,1 hours
973,Port Gary,Lake Brian,109 km,3 hours
974,Kellyborough,South Carolyn,76 km,2 hours
975,East Catherineton,Port Davidland,103 km,4 hours
976,Allenshire,East Jennifer,130 km,4 hours
977,Smithfurt,West Dorothy,196 km,1 hours
978,East Joseville,Lake Melanie,120 km,2 hours
979,Rodriguezburgh,Suttonbury,194 km,1 hours
980,New Janet,North Lauraland,180 km,1 hours
981,East Christopher,Jamesmouth,154 km,1 hours
982,Millerport,North Jack,60 km,3 hours
983,West Vanessafort,Jordanmouth,123 km,1 hours
984,Hughesfort,North Darren,134 km,4 hours
985,Santiagobury,Brownfort,117 km,4 hours
986,Mayschester,New Brittany,139 km,3 hours
987,Port Ronnie,East Taylor,82 km,2 hours
988,Haleyview,Dylanport,138 km,3 hours
989,Sarahfort,Johnsonbury,190 km,1 hours
990,Debbiemouth,South Teresa,98 km,1 hours
991,Richardsside,Bettyfurt,144 km,2 hours
992,West Tylermouth,Kevinton,158 km,3 hours
993,Nancyport,East Christina,61 km,4 hours
994,New Robin,New Edwardborough,114 km,2 hours
995,New Nancyhaven,Elizabethhaven,86 km,1 hours
996,Port Anntown,East Ianmouth,145 km,4 hours
997,Kaylaland,Amandatown,135 km,1 hours
998,Wrightmouth,Lake Rhondachester,70 km,4 hours
999,Lake Feliciaview,West Stacyview,112 km,2 hours
1000,North James,Port Kevin,137 km,4 hours
