Route_ID,Station_Name
1,Danielsfurt
2,South Laurenhaven
3,Lake Ricky
4,Port Jamesborough
5,East Sydneyview
6,North Carol
7,Danastad
8,Ashleybury
9,North Michaelmouth
10,Kristaside
11,Bentleybury
12,Pearsonport
13,Stevenfurt
14,Edwardsview
15,Seanburgh
16,New Anthonyside
17,New Alicia
18,New Joshua
19,Atkinsfurt
20,East Brittany
21,North Daniel
22,Martineztown
23,Patriciamouth
24,East Rachel
25,Wyattburgh
26,Martinchester
27,Kimberlyfurt
28,South Samantha
29,Juliestad
30,South Kimberly
31,South Danielport
32,Marietown
33,North Ryanfort
34,West Ashley
35,Lake Valerie
36,Calebton
37,Port Danielle
38,Gainesberg
39,South Matthew
40,East Renee
41,West Courtneyland
42,Bensonmouth
43,Powellmouth
44,Lake Linda
45,Carmentown
46,Saraview
47,New Lydiaside
48,Richardburgh
49,New Gordon
50,Hardingchester
51,North Nancy
52,Riceburgh
53,Austinberg
54,Pamelaside
55,West Tanya
56,Johnsonfurt
57,Port Gracehaven
58,Markland
59,New Brittney
60,North Danielmouth
61,Danashire
62,Juarezbury
63,Port Amanda
64,Port Marthaton
65,New Benjamin
66,Brownland
67,North Cindy
68,Lake Jaredshire
69,Jessicamouth
70,North Meredith
71,Ericastad
72,Parkerton
73,Ramseyborough
74,North Yvetteside
75,New Brittneyside
76,Aaronland
77,North Heather
78,Anthonyshire
79,West Theodore
80,Bakerburgh
81,North Christina
82,West Chrisstad
83,West Jason
84,Port Charlesbury
85,Stephenville
86,Lake Jacob
87,Port Benjaminland
88,East Jill
89,East Kathrynborough
90,New Jamesmouth
91,Lake Gregory
92,Abigailbury
93,Allisonton
94,East Frank
95,Garciahaven
96,Martinberg
97,West Chadport
98,New Lindsayton
99,Lawrencefort
100,Novakchester
101,East Lauraberg
102,Matthewfurt
103,Port Leonard
104,Olsonside
105,Carlaton
106,Tranmouth
107,Andersonhaven
108,West Victoriaview
109,Brendaberg
110,Valdezville
111,North Jessicaside
112,Muellerville
113,Lake Sara
114,New Mary
115,Lake Jayland
116,East Kristinafort
117,Danielborough
118,East Stephanie
119,Nancyhaven
120,Cassieburgh
121,Jeffreytown
122,Sancheztown
123,Morrowport
124,East Mallory
125,Port Natalie
126,East Micheal
127,South Christopher
128,East Mark
129,Rebeccaland
130,Oliverview
131,New Makaylafort
132,Johnathanland
133,New Christina
134,Lake Joel
135,Pamelabury
136,Stephanieport
137,Alexanderborough
138,Amychester
139,South Colleen
140,Harrisburgh
141,East Terriburgh
142,South Nicole
143,Susanberg
144,New Pamela
145,East Robert
146,Port Tammy
147,New Sandra
148,Sarahview
149,East Samantha
150,South Daniel
151,West Shaneland
152,Danielmouth
153,North Heather
154,South Amymouth
155,Port Theodore
156,South Williambury
157,Claytonport
158,West Christine
159,East Katrinaton
160,New Jacob
161,Johnsonstad
162,Tuckermouth
163,Lake Brianberg
164,Jerrychester
165,North Johnton
166,Thompsonstad
167,Lake Jesse
168,Thomastown
169,Pennybury
170,East David
171,Lake Paulmouth
172,Port Madison
173,Kevinville
174,West Melissaberg
175,East Vickie
176,Fisherport
177,West Kathryn
178,Stephanieborough
179,West Crystalside
180,Robinhaven
181,Campbellville
182,Perkinsbury
183,Port Rebecca
184,West Normanbury
185,South Colleentown
186,East Kelseyberg
187,Elizabethville
188,North Dennismouth
189,Dianahaven
190,Lake Michaeltown
191,Jasmineville
192,Lynnburgh
193,North Howard
194,Port Leslie
195,Tylerbury
196,Stephenfort
197,Coreyview
198,South Brianmouth
199,South Melissatown
200,Rodriguezton
201,Montgomeryport
202,New Lindsay
203,East Michealchester
204,Lake Curtis
205,East Daniel
206,Hardinburgh
207,Morganland
208,Lake Stephanie
209,Morsefort
210,Derekfurt
211,Lake Seth
212,Brianburgh
213,Sherribury
214,East Cristinastad
215,Waltonview
216,Watsonmouth
217,Kimberlyhaven
218,Dawnfort
219,Lake Leroy
220,Matthewhaven
221,Lake Melissaville
222,East Daleburgh
223,Lake Toddbury
224,Kellerberg
225,Port Veronicamouth
226,Romanview
227,East Jeffreybury
228,Morrisonview
229,New Robertview
230,Johnsonfurt
231,Cordovahaven
232,Ashleyshire
233,Thompsonfurt
234,West Linda
235,Waynechester
236,Grantview
237,Michellebury
238,New Christian
239,Dianeport
240,Herringberg
241,East Jonathan
242,North Tinafurt
243,Port Ashleystad
244,New Michaela
245,Mckaybury
246,Lake Melvinberg
247,Port Bradley
248,Rosemouth
249,New Norma
250,Jonesmouth
251,Johnshire
252,Mistyshire
253,New Mary
254,Pierceshire
255,Dawsonview
256,West Hunterton
257,Clementschester
258,Jasonberg
259,Hillton
260,New Sarah
261,Branditown
262,Meyerbury
263,Davidstad
264,South Kathleen
265,West Kristieview
266,Jacobsbury
267,West Jenniferhaven
268,South Joseph
269,Johnsonbury
270,Stevenberg
271,Manningborough
272,Ginashire
273,New Jasmine
274,Lake Mariafort
275,Andrewmouth
276,Lake Corey
277,Michellemouth
278,Port Donna
279,Port Jeffreymouth
280,Townsendchester
281,Taylorberg
282,South Tina
283,South Michelleshire
284,Muellerstad
285,New Dawn
286,Keithbury
287,Thompsonstad
288,Martinezmouth
289,East Kristinafort
290,South Tinashire
291,East Tammyland
292,South Mariah
293,South Roberta
294,Port Jill
295,Erinbury
296,Maryville
297,Stewarthaven
298,Brianfurt
299,East Elizabethville
300,Garybury
301,Huntertown
302,Stephanieborough
303,Williamsport
304,South Richardfort
305,Murphyhaven
306,Virginiaport
307,East Jennifermouth
308,Port Shaun
309,Lake Cherylview
310,South Paul
311,North Michaelshire
312,Rachelhaven
313,Rhondaville
314,North Stevenmouth
315,Jonesmouth
316,Rojasbury
317,New Alyssastad
318,East Kristinfurt
319,Port Michelle
320,West Kayla
321,New Michelle
322,East Micheal
323,Cameronview
324,Michaelfurt
325,Simsville
326,Nicolehaven
327,Holmesside
328,South Jennifer
329,East Cheyenneport
330,Mckinneybury
331,Turnerville
332,East Michael
333,West Lisa
334,East Samanthaland
335,Timothyhaven
336,Lake Robinshire
337,Sandraberg
338,New Brandonfurt
339,Port Gary
340,New Heidi
341,West David
342,West Janiceview
343,Hoganburgh
344,North Wendyport
345,Thompsonside
346,South Calvinport
347,Austintown
348,Lake Christopherville
349,South Scott
350,Derekshire
351,Port Christopherport
352,New Henry
353,Hallside
354,Carlland
355,Walkershire
356,Moniqueside
357,New Crystalshire
358,Lake Robertborough
359,Port Julie
360,South Ryan
361,Mcculloughside
362,North Jasonport
363,West Matthewport
364,Curryfurt
365,Nguyentown
366,Port David
367,Port Markland
368,South Michael
369,Lake Jacquelinechester
370,Wendymouth
371,Hopkinsmouth
372,North Sydney
373,South Mark
374,Desireeland
375,Watsonmouth
376,Lake Aprilton
377,Dustinshire
378,Port Gary
379,New Amanda
380,Lawrenceberg
381,North Tonyaland
382,New Johnnyton
383,Jenniferbury
384,Jimenezbury
385,Michellebury
386,New Curtis
387,Fostermouth
388,Lake Johnfort
389,West Crystalmouth
390,Johnshire
391,Davidport
392,Jonesland
393,South Lindsay
394,Lake Beverlyberg
395,New Andreaville
396,East Melissaburgh
397,Port Allen
398,Port Melissa
399,Lake Caitlinberg
400,South Timothychester
401,Port Ashley
402,Andreland
403,Martineztown
404,Michaelmouth
405,New Lisa
406,Port Kim
407,West Gabrielle
408,Jeanmouth
409,Christinechester
410,West Robert
411,Lake Janicefurt
412,West Justin
413,North Timothybury
414,Wilsonport
415,Lake Stephanie
416,Lake Martinville
417,Onealton
418,South Laura
419,West Maria
420,Cookfurt
421,Powersberg
422,East Sharonton
423,East Josephfort
424,Port Michael
425,South Elizabethfurt
426,Tylermouth
427,Lake Jeremy
428,Port Georgeburgh
429,Sharonville
430,Dawsonberg
431,Port Kim
432,Taylorshire
433,Hallport
434,Lake Johnfurt
435,South Ann
436,Sweeneytown
437,Port Brianstad
438,Port Susanport
439,West Michelleland
440,West Michelle
441,New Nancyberg
442,North Kayleeshire
443,West Anthony
444,North Lisaside
445,Destinyburgh
446,Friedmanstad
447,North Shannonshire
448,Craigburgh
449,Brownchester
450,Port Angelaburgh
451,Dianafurt
452,Gordonhaven
453,Heidifort
454,Duranburgh
455,Seanfort
456,Jeffshire
457,Quinnmouth
458,Balltown
459,West Gary
460,Daniellechester
461,South Gwendolyn
462,Caseyton
463,New Melissa
464,Riverashire
465,Graychester
466,Mcintoshport
467,Carmenport
468,West Frank
469,North Jeremiah
470,South Toddbury
471,Transhire
472,Espinozamouth
473,Armstrongfort
474,Jenniferfurt
475,Andreville
476,Emilychester
477,Smithland
478,Port Jonathanfort
479,Barnesfurt
480,South Joshuafurt
481,South Jesse
482,Dennisfurt
483,New Melinda
484,Adrianhaven
485,New James
486,South Sarah
487,New Dennishaven
488,Anitaton
489,Wendyshire
490,South Aaronchester
491,Tonyfurt
492,East Danielshire
493,North Mary
494,Markfort
495,Cameronmouth
496,Nicholstown
497,Herrerashire
498,Mathewsstad
499,Port Jasonside
500,Port Craig
501,Tylerchester
502,Cohenview
503,South Brendan
504,New Brandimouth
505,Michaelton
506,West Carolyn
507,Nathanchester
508,New Kimberly
509,Gonzalezstad
510,Jasonhaven
511,Port Michael
512,Schaeferberg
513,Alyssaville
514,Kristenhaven
515,Waltersmouth
516,Jarvisbury
517,South Angelaborough
518,South Gavinberg
519,North Ashleyfurt
520,North Christopher
521,Port Chadburgh
522,Thomasfurt
523,South Robert
524,West Melanieville
525,Melindafort
526,Johnborough
527,Bowenshire
528,Schmidtton
529,Vincentland
530,Shawberg
531,Victoriamouth
532,South Charlesburgh
533,Cliffordstad
534,West Sharonville
535,East Trevor
536,Stevechester
537,Lake Lisaport
538,Grahamchester
539,South James
540,North Alexisside
541,North Stephaniemouth
542,Villarrealfurt
543,Longland
544,West Kelsey
545,Christinaborough
546,Lindaside
547,Christophertown
548,Melissaville
549,Lake Paulamouth
550,Alexamouth
551,North Matthew
552,Jenniferbury
553,South Albert
554,Blackburnfort
555,Charleshaven
556,New Matthew
557,East Jeremy
558,Michaelfort
559,Port Jacob
560,Jeffreyton
561,East Jasonville
562,Lake Douglasview
563,Andrewville
564,Lake Anthony
565,South Lisatown
566,Lake Johnberg
567,Heatherbury
568,Territown
569,Rhodestown
570,South Michelleburgh
571,East Courtney
572,Newmanborough
573,Rodriguezville
574,Turnerland
575,New Juanborough
576,Crystalton
577,West Johnny
578,Port Jasonport
579,Port Sarah
580,South Feliciaview
581,North Kendraland
582,South Regina
583,East Christopher
584,South Elizabethtown
585,Smithbury
586,East Jeffrey
587,North Robinside
588,New Jessicaburgh
589,West Carriefurt
590,Michaelberg
591,Larryberg
592,South Gabrielfurt
593,Brightstad
594,West Cherylville
595,East Elizabeth
596,East Gloria
597,Michaelborough
598,North Paulland
599,East Zachary
600,Lake Christopher
601,Marcside
602,Port Angela
603,South Rachael
604,South Jasmineshire
605,Thompsonbury
606,Barnettburgh
607,Laurafurt
608,North Mary
609,Port Gregory
610,Riverastad
611,North Kevin
612,Kellyshire
613,Foxtown
614,South Johnside
615,Lake Daniellemouth
616,Port Aaronshire
617,Kimberlyborough
618,Scottview
619,Port Holly
620,West Crystal
621,New Edwardshire
622,Beverlyland
623,East Diana
624,New Ericfort
625,East Nicholas
626,Hamptonland
627,Kleinfort
628,South Markburgh
629,Fostermouth
630,Williamchester
631,East Tylerchester
632,Eduardomouth
633,West Andreachester
634,Waltonshire
635,Port Cameronborough
636,Port Miguelport
637,Bennettton
638,Forbesland
639,West Debra
640,Port Jamesville
641,New Victoria
642,North Stanleytown
643,Lake Jonathan
644,Erinmouth
645,Greenborough
646,Trujillobury
647,East Douglasbury
648,New Rodney
649,Thomaston
650,South Derekshire
651,Martinezstad
652,East Maria
653,Port Jasmine
654,New Eileen
655,Jasonborough
656,Wilsonville
657,New Andrew
658,Johnstonshire
659,Lake George
660,Abigailfurt
661,Mckinneyside
662,Hodgemouth
663,Lake Alexandria
664,New Brookemouth
665,Port Madison
666,West Alisha
667,East Andreaville
668,Port Christinaton
669,East Gerald
670,West Michelleborough
671,Port Angelaburgh
672,Mooneyville
673,Cindyhaven
674,Russellstad
675,Guzmanside
676,South Calvinland
677,Tuckershire
678,Lake Sydneyview
679,Michaelburgh
680,New Kathleenfort
681,Edwardville
682,West Amanda
683,Jacquelinefort
684,Katherineburgh
685,Randyborough
686,North David
687,Schultzport
688,Rogersborough
689,Spencerview
690,Diazstad
691,Port Rachelfort
692,Gregoryborough
693,Taylormouth
694,New Jefferyfort
695,Josephton
696,South Alejandra
697,West Tiffany
698,Port Linda
699,Jacksonville
700,Lake Zacharychester
701,Baileyfurt
702,Russoview
703,Michellestad
704,North Rebekah
705,Jimmyfurt
706,Dennisborough
707,Matthewbury
708,West Michaelchester
709,Lewisbury
710,North Laura
711,Taylorton
712,East Angelatown
713,Port Leslieview
714,South Jamie
715,Phillipberg
716,Port Elizabeth
717,Port Michael
718,North Sarafort
719,New Hannahview
720,East Kyleview
721,Lake Anita
722,Lake Adam
723,South Deborah
724,Ramirezfurt
725,West Kristinmouth
726,Garciamouth
727,Robinsonland
728,West Julie
729,Hayesborough
730,Thomasshire
731,Jamesfurt
732,Saraborough
733,Smithview
734,Lake Bruce
735,East Josephport
736,Maryshire
737,Dunnchester
738,North Jason
739,Annashire
740,Washingtonside
741,Richardshaven
742,Craigfort
743,Fieldsfurt
744,Donovanfurt
745,Wallville
746,Deborahshire
747,Port Christian
748,Avilashire
749,East James
750,Gibsonport
751,South Henryberg
752,Port Matthew
753,Port Stephenberg
754,Lisamouth
755,Aprilstad
756,Jennifermouth
757,Reyesmouth
758,East Debra
759,North Ruben
760,Port Mauricestad
761,New Briantown
762,Xavierborough
763,Lauramouth
764,Haynesfort
765,West Amandashire
766,Victoriaberg
767,Williamshaven
768,South Peter
769,North Chelsea
770,New Zachary
771,Vickistad
772,Cynthiaport
773,New Lori
774,East Kathrynport
775,North Meganberg
776,Juanside
777,Patrickburgh
778,Port Phillipport
779,Calderonborough
780,Fergusonshire
781,Martinborough
782,Smithtown
783,Nicholasview
784,Hawkinschester
785,South Julieborough
786,Turnerborough
787,North Wendy
788,Colemanhaven
789,Port Jimmy
790,Hamiltonberg
791,Jessicaton
792,Shannonmouth
793,New Anna
794,North Erin
795,West Juan
796,Debbiefurt
797,Normanview
798,West Jennifertown
799,Maymouth
800,Port Andrea
801,Michaelbury
802,East Sheila
803,New Morgantown
804,West Deanstad
805,Patrickberg
806,Walkerland
807,Howardfort
808,Jaredmouth
809,North Jennifer
810,Gibsonstad
811,Leemouth
812,New Robert
813,Lake Matthewland
814,Rayberg
815,Lake Anna
816,North Lisa
817,Bakermouth
818,Hannahport
819,Mortonmouth
820,Caldwellton
821,Rebeccachester
822,Sierraview
823,South Jonathan
824,Nicholasfurt
825,West Dana
826,Williamsshire
827,South Alexandraville
828,Nelsonstad
829,Shepardview
830,Jerrymouth
831,New Jonathan
832,Aprilbury
833,Lake Frances
834,East Dustinside
835,West Margaretfurt
836,Port Kellyland
837,Jonathanland
838,Potterfurt
839,West Ashley
840,Port Luis
841,West Nicholas
842,South Kevinchester
843,Lake James
844,South Dawn
845,Port Jeremiahview
846,East Matthew
847,Booneland
848,South Kelly
849,Lake Amystad
850,Deborahberg
851,Mcdonaldland
852,Port Stevenshire
853,Danielhaven
854,Jeremyport
855,North Kelly
856,East John
857,Dianaport
858,Lake Benjaminview
859,Jasonchester
860,East Ryan
861,North John
862,Melissaland
863,South Nicoleview
864,Carlsonfurt
865,Murphyburgh
866,Martinezton
867,East Meghantown
868,Gailfurt
869,North Russellstad
870,New Hannahfurt
871,West Kristinahaven
872,Lake Derekmouth
873,Allisonmouth
874,Port Marcus
875,Alvarezville
876,North Brandon
877,Douglasmouth
878,East Elizabeth
879,Lake Stephen
880,New Sarahmouth
881,Lopezbury
882,Gibsonshire
883,Lake Ginafurt
884,North Jessicabury
885,Reyesside
886,Port Laura
887,West Heatherside
888,New Samantha
889,Justinhaven
890,North Scottton
891,North Melissa
892,Port Tiffany
893,South Mary
894,Lake Robert
895,West Jo
896,Gravesland
897,South Christopherburgh
898,New Shelby
899,Port Franktown
900,Lake Stephanie
901,South Brianmouth
902,Madisonchester
903,Julianfurt
904,East Jordan
905,Brandonland
906,West Leslieshire
907,East Michaelside
908,Port Brendan
909,South Justin
910,North Kimberly
911,Johnborough
912,South Stacy
913,Lake Cindyville
914,Rushmouth
915,Rebeccaland
916,Port Joelfort
917,Port Amandaport
918,Oliverfurt
919,Danielport
920,Aliciafurt
921,New Michael
922,Port Brentfort
923,Christineborough
924,Navarrochester
925,Donaldville
926,New Corey
927,Carrville
928,Port Chad
929,Ryantown
930,South Daniel
931,North Moniqueside
932,New Ashley
933,Port Timfurt
934,Trevinoview
935,Victorchester
936,North Mary
937,Lake Michael
938,West Jacquelinefort
939,West Justin
940,South Stephaniemouth
941,West Andrewville
942,Taylorville
943,Steveview
944,Riddleberg
945,New Benjaminton
946,Willisside
947,Tylertown
948,North Jacquelineview
949,New Melissaside
950,South Chrismouth
951,Sarahbury
952,Lauratown
953,Lake Deborahfurt
954,Jesseport
955,West Amyfort
956,Port Ian
957,Port Alexis
958,Lesterton
959,North Jeremyview
960,East Maryton
961,South Pedro
962,West Kimberlyton
963,Martinborough
964,South Jennifer
965,Port Dylanton
966,West Jeffrey
967,Lake Gabriela
968,South Joseph
969,Burnsfort
970,Bennettburgh
971,New Caitlinfurt
972,Conleyberg
973,East Amyton
974,Andersonshire
975,Matthewsmouth
976,Lanehaven
977,Port Joseville
978,Whiteland
979,East Deborahberg
980,North Nichole
981,Harrellfort
982,Brianland
983,New Eric
984,New Jillfort
985,Lisabury
986,Gutierrezborough
987,Reginashire
988,South Richardberg
989,Jonesmouth
990,Michaelberg
991,Lake Eric
992,North Timothy
993,New Dawn
994,Johnstonland
995,Bellstad
996,Debbiefort
997,Marcside
998,Marshallstad
999,East Ashley
1000,Lake Kimberlyton
1001,South Emily
1002,Port Kevin
1003,Josephview
1004,Shannonbury
1005,Holmesfurt
1006,Lake Thomas
1007,New Nicolemouth
1008,Martinezfort
1009,Shirleyberg
1010,West Patriciastad
1011,Levinestad
1012,Jonesshire
1013,Munozhaven
1014,West Tony
1015,Maldonadochester
1016,West Sarah
1017,Davidview
1018,Johnsonton
1019,Smithview
1020,Jeremyview
1021,Jenniferhaven
1022,Paulfurt
1023,North Trevorshire
1024,New Christianview
1025,Amandaville
1026,East Peter
1027,East Patrickhaven
1028,Cynthiaville
1029,Port Elizabethside
1030,Jeremiahmouth
1031,Perrystad
1032,Lorettamouth
1033,Lake Markmouth
1034,Boothborough
1035,New Dominicberg
1036,Lake Erinfort
1037,East Rachael
1038,Audreymouth
1039,New Caroltown
1040,East Andrew
1041,South Peggy
1042,Perezland
1043,Port Judy
1044,West Donnashire
1045,Dukestad
1046,Stevenborough
1047,Tracieton
1048,Port Karenport
1049,Davidton
1050,West Elizabeth
1051,Trujillofurt
1052,Lake Heatherburgh
1053,Floreshaven
1054,Julieshire
1055,Brittanystad
1056,Curryberg
1057,New Frederickshire
1058,East Stephenhaven
1059,Jasonberg
1060,Beckfort
1061,South Alexa
1062,South Erinchester
1063,Port Beth
1064,East Brittneyborough
1065,New Johnchester
1066,Heathermouth
1067,Denisestad
1068,Wilsonstad
1069,Laurenport
1070,West Haleyport
1071,Brianchester
1072,Brooksport
1073,Lanceville
1074,South Sherifurt
1075,New Jamesborough
1076,North Gerald
1077,Douglasbury
1078,South Sabrina
1079,North Johnton
1080,Lake Brettstad
1081,Catherinemouth
1082,South Patricia
1083,Josephfort
1084,Bradleymouth
1085,Dianeton
1086,Bryanttown
1087,Orrchester
1088,Faithside
1089,East Barbarachester
1090,Williamsstad
1091,Sandramouth
1092,Baileyville
1093,South Michaelborough
1094,Youngland
1095,North Jose
1096,Elizabethhaven
1097,Watkinsmouth
1098,Leefurt
1099,East Josephborough
1100,Jacquelineborough
1101,South Michael
1102,Russellton
1103,Alyssaside
1104,New Angelachester
1105,Kathleenville
1106,Nicoleberg
1107,Port Robert
1108,New Melissa
1109,Lake Jenniferview
1110,Rosshaven
1111,Ronaldport
1112,Rodriguezmouth
1113,Lisafurt
1114,Lake Shannonborough
1115,Martinland
1116,Littleshire
1117,Lisaland
1118,New Stephanieton
1119,West Mistyshire
1120,Velasquezton
1121,South Robert
1122,Hudsonmouth
1123,Boltonland
1124,Andersonborough
1125,Port Zachary
1126,Willismouth
1127,Rivasshire
1128,Johnsonland
1129,New Rodneyville
1130,New Sharonchester
1131,South Spencer
1132,East Miranda
1133,Millerview
1134,Alexandrabury
1135,South Katelyn
1136,North Ericborough
1137,West Gregory
1138,Kristahaven
1139,East Katieport
1140,East Vanessa
1141,Rodriguezberg
1142,Bullockfurt
1143,Changland
1144,North Michael
1145,Lake Amandashire
1146,Ramseyport
1147,New Judy
1148,South Kevin
1149,Oliverborough
1150,North Christineshire
1151,West Cameronmouth
1152,East Travismouth
1153,Ralphberg
1154,Natalieshire
1155,North Chloe
1156,Stevenland
1157,North Kimberlyburgh
1158,Debrabury
1159,Donnamouth
1160,Lake Erin
1161,Davidport
1162,Ryanport
1163,Westbury
1164,Bethview
1165,Stewartborough
1166,Sherryborough
1167,Antoniochester
1168,North George
1169,Juanside
1170,Port Shaneshire
1171,South James
1172,West Melissa
1173,Port Sarahshire
1174,West Kathleen
1175,Justinchester
1176,Port Christopher
1177,Port Nicoleburgh
1178,Acevedobury
1179,East Christianport
1180,Tammymouth
1181,Hammondchester
1182,Angelaport
1183,Port Kennethmouth
1184,Melissahaven
1185,Brookschester
1186,Dianemouth
1187,Port Cameronborough
1188,Comptonchester
1189,Annaville
1190,Lake James
1191,New James
1192,South Russellberg
1193,West Walter
1194,West Elizabethhaven
1195,North Joycebury
1196,South Mathew
1197,Deniseport
1198,South Nicolechester
1199,South Michellefort
1200,Manningburgh
1201,Terriland
1202,Lake Paulland
1203,New Rebecca
1204,Jessicaberg
1205,Hopkinstown
1206,North Joshuaburgh
1207,Albertburgh
1208,New Jasonville
1209,Port Gloriaport
1210,Jamesbury
1211,Port Gregoryville
1212,Dennisfort
1213,Arnoldstad
1214,Frankfurt
1215,Matthewtown
1216,Greenfort
1217,Port Jim
1218,Lake Loriton
1219,Martineztown
1220,Lake Edwardland
1221,Petermouth
1222,Kristamouth
1223,West Scottland
1224,West Andrewland
1225,East Angela
1226,Michelleton
1227,Christopherbury
1228,North Alvinport
1229,Brianville
1230,Tracyville
1231,Johnsonville
1232,Lake Staceyburgh
1233,Codyport
1234,Kimmouth
1235,Lake Tasha
1236,West Brady
1237,West Miranda
1238,Port Hannah
1239,Kelleyland
1240,Meyershaven
1241,South Christy
1242,Thomasfort
1243,Wilkersonshire
1244,Lake Tiffanybury
1245,Leviton
1246,West Kevinport
1247,Michaelshire
1248,Port Meganbury
1249,West Jenniferbury
1250,Lake Mercedesport
1251,Brownstad
1252,Matthewview
1253,East Eric
1254,East Samuelchester
1255,Thomasfurt
1256,West Gregory
1257,East Heatherfort
1258,Port Loriview
1259,South Katherine
1260,East Angela
1261,North Gregoryborough
1262,New Jamiemouth
1263,South Larry
1264,Thomaston
1265,Darrylshire
1266,Patriciachester
1267,Gonzalesland
1268,Michaelchester
1269,Stricklandshire
1270,Lauraburgh
1271,East Lindsayshire
1272,Albertfurt
1273,East Suzanne
1274,Jermainetown
1275,Barryside
1276,Lake Theresa
1277,Martinland
1278,Duaneview
1279,South Alexistown
1280,North Williamburgh
1281,Lake Gary
1282,New Mindyburgh
1283,South Daniel
1284,Port Williamstad
1285,Charlesside
1286,East Brenda
1287,Port Jacob
1288,Coxside
1289,West Melissashire
1290,Lake Frankchester
1291,South Kimborough
1292,East Rayfort
1293,North Carol
1294,West Brendachester
1295,South Michaeltown
1296,South Shawn
1297,Amberport
1298,Blackberg
1299,Dariusfurt
1300,Davisland
1301,Francobury
1302,Charlottechester
1303,South Jessica
1304,Port Donnaland
1305,Martinhaven
1306,Rodriguezberg
1307,Suzanneville
1308,West Michele
1309,North Leah
1310,Sydneyshire
1311,Lake Brendaburgh
1312,North Amberbury
1313,West Paul
1314,New Williamton
1315,Browntown
1316,Whiteheadbury
1317,Port Christopherview
1318,Georgefort
1319,Jefferyville
1320,West Brad
1321,New Spencer
1322,West Carlfort
1323,Jameshaven
1324,Jimstad
1325,Earlfort
1326,North Michelestad
1327,North William
1328,West Williamhaven
1329,Lake Frances
1330,Port Jacqueline
1331,Brayport
1332,North Tylermouth
1333,West Rebeccaland
1334,Lake Johnstad
1335,West Karl
1336,Amandahaven
1337,Courtneyburgh
1338,Lake Alexis
1339,East Christinachester
1340,Dakotafort
1341,Port Deborahtown
1342,Klinechester
1343,West Stanleymouth
1344,North Jennifer
1345,Davisville
1346,North Laurie
1347,Lake Kathryn
1348,Foleychester
1349,Acostafurt
1350,Carolinemouth
1351,North Hannahfurt
1352,South Robert
1353,Lake Nicolechester
1354,Lake Jessicahaven
1355,Christophertown
1356,Riverafort
1357,Melindaville
1358,North Oliviamouth
1359,East Charlenebury
1360,New Lance
1361,Teresamouth
1362,Gillland
1363,Lopezhaven
1364,East Aprilbury
1365,South Jennifer
1366,Jenniferfurt
1367,Adamstown
1368,South Kimberly
1369,New Rhondaburgh
1370,South Johntown
1371,Port Scott
1372,Johnside
1373,West Ann
1374,Evansbury
1375,Carterberg
1376,Thomasfurt
1377,North Manuel
1378,Leachview
1379,New Sarahtown
1380,East Nathaniel
1381,Wardmouth
1382,Port Jacobshire
1383,Conniehaven
1384,Port Danieltown
1385,Gillstad
1386,West Eric
1387,South Kimberly
1388,Hallhaven
1389,Kellyland
1390,Angelafurt
1391,East Emmaberg
1392,West Heather
1393,South Joshuafort
1394,North Ricardoside
1395,Brianbury
1396,Lewisside
1397,East Kimberlyshire
1398,Jasmineland
1399,Blairberg
1400,North Adam
1401,Anthonyburgh
1402,East Denniston
1403,Lake Donaldshire
1404,East Gabriel
1405,Markport
1406,Scotttown
1407,Johnton
1408,Wilkinsonhaven
1409,Kevinview
1410,Claytontown
1411,Hansenberg
1412,Thomaschester
1413,Port Lisafort
1414,Lauratown
1415,West Jerryshire
1416,Reidland
1417,South Shawnbury
1418,Port Rebecca
1419,East Chelseachester
1420,New Raven
1421,Parsonsfurt
1422,New Anna
1423,North Joshuaview
1424,Lake Justinstad
1425,Jessicabury
1426,West Brittanytown
1427,Lopezfort
1428,Hughesbury
1429,East Amanda
1430,South Susan
1431,Colonshire
1432,Port Angelaland
1433,Danaport
1434,South Elizabeth
1435,Lambhaven
1436,Leslieborough
1437,North Mollyville
1438,Kellyberg
1439,North April
1440,Lake Elizabeth
1441,Tracieport
1442,Sheppardview
1443,South Jonathan
1444,West Brandyview
1445,West Victoria
1446,East Kristenstad
1447,Kellibury
1448,Kaylaview
1449,Rosefurt
1450,Lake Gary
1451,South Karenfurt
1452,East Cassandraborough
1453,Pattersonstad
1454,South Jamesport
1455,Candacemouth
1456,East Ryan
1457,Maryport
1458,Lake Jonathanport
1459,East Laurahaven
1460,Lake Michaelville
1461,North Dwayne
1462,New James
1463,Markshire
1464,Curryhaven
1465,Erinview
1466,Justinview
1467,Pamelaland
1468,Port Cory
1469,Port Jacobland
1470,Stephenfort
1471,Miketown
1472,Gutierrezchester
1473,Jenningsborough
1474,West Theresa
1475,Port Carolynfort
1476,Lake Aaronland
1477,Frazierland
1478,Lake Deannatown
1479,Moorestad
1480,Glenfort
1481,New Michael
1482,New Craigville
1483,West Christina
1484,Lindachester
1485,Tylerfurt
1486,New Jason
1487,Michaelview
1488,West Anna
1489,Jenniferside
1490,Millshaven
1491,Wandashire
1492,West Paul
1493,Meyerfurt
1494,Ortizshire
1495,West Sierra
1496,West Jeffreyville
1497,Johnsonburgh
1498,West Robertland
1499,Hernandezfort
1500,Moranville
1501,Howardview
1502,East Nicholas
1503,Andreaside
1504,Nancyport
1505,Port Randall
1506,Lewisborough
1507,South Jenniferborough
1508,Lake Nancyhaven
1509,Davismouth
1510,East Robertburgh
1511,Davisbury
1512,West Joannshire
1513,East Tyler
1514,West Markburgh
1515,Johnsonville
1516,Cobbberg
1517,New Benjamintown
1518,West Susanborough
1519,Meghanberg
1520,West Laurieville
1521,North Kristinaville
1522,Cortezmouth
1523,Nicholasfurt
1524,New Donaldmouth
1525,Port Kenneth
1526,East Shaunfurt
1527,Brianhaven
1528,Lake Kristopherborough
1529,New Tony
1530,New Zachary
1531,East Isaacview
1532,Port Bradley
1533,New Jacqueline
1534,North Nichole
1535,Melissamouth
1536,North Cynthia
1537,Port Kellyhaven
1538,Lake Christophershire
1539,East Jamieburgh
1540,South Aaron
1541,New Elizabethville
1542,New Cassie
1543,Lake Kelly
1544,Knoxmouth
1545,North Jeremychester
1546,West Amanda
1547,Lake Christophertown
1548,North Aliciaview
1549,Brittneyton
1550,Lake Jason
1551,Dunnport
1552,Port Codyside
1553,Princechester
1554,Lake Marcia
1555,New Denise
1556,New Nathanshire
1557,Emilystad
1558,Jessicaburgh
1559,East Nicholasburgh
1560,Lauraland
1561,Port Andrea
1562,East Felicia
1563,East Laura
1564,Brianshire
1565,Lake Kristinside
1566,West Andrewtown
1567,Johnport
1568,Amyville
1569,Blakeburgh
1570,Michaelberg
1571,Joshuafurt
1572,Stevenchester
1573,Cooperbury
1574,Lake Ericstad
1575,Shannonbury
1576,New Michael
1577,Allenberg
1578,Lake Gina
1579,Caseyville
1580,North Adam
1581,Stacyhaven
1582,Jacobmouth
1583,Port Rebecca
1584,Port Derekfort
1585,East Karen
1586,East Brian
1587,South Cliffordmouth
1588,Anthonymouth
1589,Joshuashire
1590,West Keithside
1591,East Stephanieburgh
1592,West Robertfurt
1593,North William
1594,East Seanberg
1595,North Carla
1596,Padillaburgh
1597,Richardberg
1598,Lisaburgh
1599,Lake Patriciafort
1600,South Toddview
1601,Robinhaven
1602,Sarahberg
1603,West Teresamouth
1604,South Cody
1605,Brownshire
1606,Hughesstad
1607,East Dana
1608,Durhamstad
1609,West Johnathanmouth
1610,Lozanomouth
1611,New Marytown
1612,Lake Michelle
1613,Wigginsbury
1614,Connershire
1615,Danielshire
1616,Ortizview
1617,New Rodney
1618,North Lisa
1619,South Kristen
1620,New Laura
1621,East Ryanborough
1622,Karenstad
1623,East Brandon
1624,North Kenneth
1625,Robinmouth
1626,Thomasport
1627,Andreahaven
1628,Brandonland
1629,New Corey
1630,Wilsonland
1631,Lake Stephenland
1632,Kimberlychester
1633,Port Darrenmouth
1634,Yvonneville
1635,Breannaside
1636,North Kellyberg
1637,Brandonport
1638,Mooreside
1639,Brownbury
1640,Port Maria
1641,Terrimouth
1642,Ruizstad
1643,Williamton
1644,Port Cathy
1645,Carrieborough
1646,North Max
1647,New John
1648,Port Nathanmouth
1649,Oscarside
1650,South Ninafurt
1651,Jacquelineberg
1652,Nancytown
1653,Grahamville
1654,Lake Devinport
1655,South Christophertown
1656,Millershire
1657,Jacobsfurt
1658,New Kellyfurt
1659,Mooreland
1660,Aaronfort
1661,Ballardstad
1662,North Kristen
1663,Brycestad
1664,West Anthonymouth
1665,Chandlerport
1666,South Michelle
1667,Danielleside
1668,North Donna
1669,Danielfort
1670,Jimenezfurt
1671,North Samantha
1672,Martinberg
1673,Kelseyland
1674,Port Christian
1675,East Cameronfort
1676,North Janetburgh
1677,Tracystad
1678,South William
1679,Carolside
1680,Jonesfort
1681,North Katieside
1682,Millerborough
1683,Hughesmouth
1684,Jacobshire
1685,Timothybury
1686,Nelsonside
1687,Wumouth
1688,Curtismouth
1689,East Angelica
1690,Port Gregoryshire
1691,Hicksland
1692,Stephenview
1693,Henryburgh
1694,New Donaldton
1695,South Richard
1696,West Jasonfurt
1697,Wendyland
1698,East Tashatown
1699,Brettfort
1700,West George
1701,Thomasport
1702,Nathanstad
1703,Dorothyshire
1704,Davidchester
1705,Lake Gloriaside
1706,Port Phillipshire
1707,West James
1708,Gravesburgh
1709,East Kylechester
1710,Scotthaven
1711,Port Michael
1712,Stephensonmouth
1713,North Anthonytown
1714,Samuelchester
1715,East Nicholasburgh
1716,Lake Stacey
1717,South Amy
1718,South Alexischester
1719,Kaylafort
1720,Watsonfort
1721,Ashleyland
1722,Kington
1723,West Kristen
1724,East Sethville
1725,North Donna
1726,Stoneborough
1727,Jeremiahhaven
1728,Port Larryhaven
1729,Charlesberg
1730,Port Richardport
1731,East Lisaton
1732,South Brian
1733,Michelletown
1734,South Charlesstad
1735,New Colin
1736,Chandlerbury
1737,New Connie
1738,West Carolyn
1739,Vancemouth
1740,East Paula
1741,South Sarah
1742,Woodberg
1743,Seanfort
1744,Tabithaburgh
1745,South Andrewside
1746,East Jody
1747,East Yolandabury
1748,Lake Johnbury
1749,North Stephaniefurt
1750,South Brianville
1751,Port Christopherport
1752,Annaberg
1753,Reedview
1754,Port Bobby
1755,Campbellside
1756,Hodgesmouth
1757,Benjaminhaven
1758,Port Karenshire
1759,Chrisstad
1760,Franktown
1761,Griffinfurt
1762,New Billy
1763,Allisonhaven
1764,Chavezshire
1765,North Earlchester
1766,Griffinland
1767,North Jennifer
1768,Jenkinsview
1769,North Jamie
1770,Michaelburgh
1771,Port Melissaland
1772,West Laurenside
1773,West Amandaborough
1774,Christopherchester
1775,North Amyberg
1776,Evanstad
1777,Briannaville
1778,Lake Elizabeth
1779,Joneshaven
1780,North Timothy
1781,North James
1782,Kimberlyside
1783,Lake Sara
1784,South William
1785,Cookborough
1786,Kathleentown
1787,Samuelland
1788,Lake Brittany
1789,New Denisebury
1790,Ramosmouth
1791,Port Heatherborough
1792,Danielleberg
1793,New Christopherberg
1794,Joshuaview
1795,Bonillaborough
1796,New Brett
1797,Michaelview
1798,Danaburgh
1799,Port Theresabury
1800,New Deanside
1801,Castilloton
1802,Perezfort
1803,Williamshaven
1804,North Dianeburgh
1805,Christinaborough
1806,Lisafurt
1807,Lorihaven
1808,Angelicachester
1809,Delgadoburgh
1810,New Kyleton
1811,Elizabethmouth
1812,Sellersland
1813,Tarachester
1814,Lake Stevenbury
1815,Codytown
1816,Mannstad
1817,New Tony
1818,Beckton
1819,South Leefurt
1820,Sherryshire
1821,Port William
1822,Ericbury
1823,New James
1824,Sharonchester
1825,East Kathrynborough
1826,West Sarah
1827,Kington
1828,Lewismouth
1829,Lake Johnnystad
1830,Wardbury
1831,North Michael
1832,Port Kathrynville
1833,Jamesmouth
1834,Johnbury
1835,Gillespiechester
1836,Cookchester
1837,Vegabury
1838,Mauriceshire
1839,New Deanna
1840,Saraton
1841,Thompsonberg
1842,Steveberg
1843,Lake John
1844,Barkerfort
1845,Lake Jacob
1846,Port Larrymouth
1847,South Luismouth
1848,West Marcustown
1849,Lake Josephport
1850,Lake Victoriaton
1851,South Maurice
1852,Lynchfort
1853,South Laurie
1854,West Mackenziestad
1855,Leeburgh
1856,Port Jesus
1857,Harristown
1858,North Jennifer
1859,Port Scottville
1860,Port Lauraport
1861,West Brittanyborough
1862,West Laura
1863,Sanchezport
1864,Colefurt
1865,South Tinatown
1866,Gregoryfurt
1867,Port Heather
1868,South Susan
1869,South Matthewburgh
1870,North Heather
1871,East Alexander
1872,East Louisstad
1873,Phelpsview
1874,Hineshaven
1875,Nicholasfort
1876,Kevinside
1877,Dudleyborough
1878,New Lisa
1879,West Cory
1880,Craigberg
1881,Lake Matthew
1882,New Tracybury
1883,Gregorybury
1884,South Jeannefurt
1885,Kristinton
1886,Snowchester
1887,Lake Blake
1888,Smithmouth
1889,New Brianshire
1890,Amychester
1891,West Paul
1892,Charlestown
1893,Mccluremouth
1894,Tracyberg
1895,South Michaelbury
1896,Coltonborough
1897,Medinaberg
1898,Hunterview
1899,Brianview
1900,Michelleland
1901,Victoriamouth
1902,Websterview
1903,Lake Nicolefort
1904,Port Tracey
1905,North Amandaburgh
1906,Sharpfurt
1907,Marcustown
1908,Abbottland
1909,West Rachelmouth
1910,Reyesbury
1911,Lake Juliafort
1912,East Tammy
1913,Port Tiffany
1914,Christinetown
1915,Kennedyburgh
1916,North Megan
1917,Weissmouth
1918,Larsenborough
1919,Smithbury
1920,New Carolmouth
1921,South Michellebury
1922,South Alexis
1923,Andrewbury
1924,Jessicafurt
1925,New Michael
1926,North Beverlyshire
1927,Amandahaven
1928,Kirstenville
1929,Dannychester
1930,Brianburgh
1931,New Deborahborough
1932,North Kyleside
1933,Salazarchester
1934,North Willieburgh
1935,Spenceburgh
1936,Lake Tara
1937,Lake Sherryborough
1938,Cuevasview
1939,West Lisa
1940,Gabrielafurt
1941,West Peter
1942,Port Timothystad
1943,Walterston
1944,Port Ericville
1945,North Steven
1946,East Arthur
1947,Vincentside
1948,Odomton
1949,Jennifermouth
1950,Port Elizabethview
1951,Johnland
1952,Port Brian
1953,Andrewsbury
1954,East James
1955,New Coltonbury
1956,Lake Michael
1957,Port Michaelshire
1958,Port Benjamin
1959,Williamsshire
1960,Melanieland
1961,Brittanyside
1962,Ballardchester
1963,East Jaimebury
1964,South Jaymouth
1965,Port Elizabethstad
1966,West Laurenfort
1967,Carlsonville
1968,Grantmouth
1969,Millerbury
1970,Hawkinston
1971,Kingside
1972,East Latoya
1973,North Amberfort
1974,West Colleenstad
1975,Mccormickside
1976,Thomasborough
1977,Cliffordstad
1978,West Debbiebury
1979,New Janice
1980,New Nicholasbury
1981,Janiceside
1982,North Carrie
1983,Hamiltonfurt
1984,Christopherview
1985,Mcgeechester
1986,West Norma
1987,New Jonmouth
1988,New Kelliside
1989,Fieldshaven
1990,Lake Lisa
1991,Port Tanyamouth
1992,East James
1993,East Billy
1994,Martinburgh
1995,Nicholasland
1996,Johntown
1997,West Stevenfurt
1998,Loweview
1999,Myerston
2000,Ericaborough
2001,Tateborough
2002,Meadowsbury
2003,Jamesshire
2004,East Austinberg
2005,East Robert
2006,Port Charles
2007,Davidtown
2008,Lake Jamie
2009,Port Shannon
2010,Richardview
2011,South Jasonmouth
2012,Sotoside
2013,North Ashley
2014,Meganside
2015,New John
2016,Port Brianaland
2017,East Justinmouth
2018,Evanton
2019,West Alyssaview
2020,Port Joshuastad
2021,South Donald
2022,Romeroside
2023,East Diamondhaven
2024,Lake Lisamouth
2025,North Amanda
2026,Randallville
2027,Collinsfurt
2028,New Christopherchester
2029,Richardsonside
2030,South Lisa
2031,Laurabury
2032,Scottborough
2033,Christopherside
2034,East Cheyenneshire
2035,Lake Nicholas
2036,Rachelville
2037,West Ashley
2038,North Amanda
2039,Anthonybury
2040,Garciachester
2041,West Melissaborough
2042,Carolynfort
2043,New Carlabury
2044,Muellerport
2045,Taraburgh
2046,Davishaven
2047,Lake Coreyton
2048,New Victoriaport
2049,Davidbury
2050,North Kristineberg
2051,Laraton
2052,Josephbury
2053,Lake Brandonbury
2054,New Bradley
2055,West Jodytown
2056,Donnaview
2057,Lake Victor
2058,Campbelltown
2059,Charlesshire
2060,Wilsonton
2061,Spearsmouth
2062,Farleyfurt
2063,Leslieborough
2064,East Cynthialand
2065,Owenschester
2066,South Diane
2067,West Steven
2068,New Jeffrey
2069,Lake William
2070,Tranbury
2071,Cassandrastad
2072,Cookborough
2073,Davidtown
2074,Port Johnview
2075,Ronaldberg
2076,North Joseph
2077,Mendozaport
2078,East Gabriel
2079,East Robertfurt
2080,North Michele
2081,West Keithshire
2082,Port Matthewburgh
2083,Port Jasminechester
2084,South Darius
2085,Holdenbury
2086,Port Dennishaven
2087,Port Alejandrohaven
2088,Montoyabury
2089,East Nathanbury
2090,North Michelleview
2091,South Ronaldfort
2092,Clarkhaven
2093,Mathewsville
2094,East Jeanneberg
2095,Duranview
2096,New Benjamin
2097,Hobbsmouth
2098,West Cathyberg
2099,Grossland
2100,Montgomerymouth
2101,West Erikaburgh
2102,Rodriguezport
2103,Tylerberg
2104,Lake Kathleen
2105,East Raymond
2106,Donnafort
2107,Aaronport
2108,Barberbury
2109,North Heather
2110,Erinstad
2111,Norrishaven
2112,Port Christine
2113,Brownmouth
2114,Reedfort
2115,Nicolehaven
2116,Mcmillanbury
2117,Lindabury
2118,Nelsonberg
2119,Zacharychester
2120,Laurashire
2121,Molinaton
2122,Port Robert
2123,Morganton
2124,Cynthiaville
2125,West Shawn
2126,New Brian
2127,Port Brandon
2128,Wattsburgh
2129,Port Megan
2130,South Christopher
2131,Port Codymouth
2132,Georgeburgh
2133,Port Sarahstad
2134,Lake Williamfort
2135,South Krystalhaven
2136,Gibsonville
2137,Andrewland
2138,Coleberg
2139,South Daniel
2140,Charlesmouth
2141,Melanieside
2142,Mitchellfurt
2143,Bullockside
2144,New Ericaside
2145,East Ashley
2146,Rebeccaside
2147,Malloryland
2148,Gutierreztown
2149,North Travisport
2150,Robertsville
2151,Lake Carriefurt
2152,Timothyfort
2153,West Brittanyfurt
2154,Cindyview
2155,Port Andrewmouth
2156,East David
2157,Alvaradoview
2158,Bowmanville
2159,Tuckerchester
2160,Jacobfurt
2161,Obrienchester
2162,Krystalberg
2163,Huangborough
2164,East Haley
2165,South Veronicashire
2166,East Michael
2167,Michaelville
2168,Port Wesleystad
2169,Kylechester
2170,New Peterfort
2171,Frankburgh
2172,North Lisa
2173,New William
2174,Christopherburgh
2175,Staceyfurt
2176,New Jasonbury
2177,West Margarettown
2178,East Stacytown
2179,South Mark
2180,East Heatherside
2181,Kimbury
2182,Kaylaburgh
2183,Stewartberg
2184,Simpsonshire
2185,North Jeremy
2186,Port Anna
2187,Lake Wendy
2188,Lake Maryton
2189,Lake Mikeville
2190,South Sarah
2191,West Aaronchester
2192,Port Tonyfurt
2193,East Katherinemouth
2194,Martinezton
2195,Johnsonfort
2196,Lake Nathanview
2197,Port Lauriestad
2198,East Andrea
2199,Lake Brettchester
2200,New Angela
2201,Dixonton
2202,Padillabury
2203,East Louisbury
2204,Williamview
2205,Sharpton
2206,Abigailborough
2207,Rodneyfurt
2208,Roblesburgh
2209,North Stephen
2210,Lake Stephenshire
2211,Lake Dawntown
2212,Gonzalesburgh
2213,Lake Reginaldmouth
2214,Morrisview
2215,Hendrickstown
2216,New Andrea
2217,Lake Laurie
2218,East Thomasport
2219,South Michael
2220,Flemingborough
2221,Susanview
2222,Barajashaven
2223,North Sarachester
2224,West Amandaburgh
2225,West Scottstad
2226,Alexandramouth
2227,Port Mikechester
2228,North Cynthiaburgh
2229,Hillmouth
2230,Pamelabury
2231,Charlesbury
2232,Blakeville
2233,West Ruben
2234,West Paul
2235,Sharonberg
2236,Miguelborough
2237,Port Lorichester
2238,Watsonshire
2239,South Rebeccastad
2240,Bruceburgh
2241,Lake Thomasburgh
2242,East Joe
2243,New Caitlinport
2244,South Donaldville
2245,Port Kristen
2246,South Sheenahaven
2247,New Theresa
2248,Lake James
2249,Jordanbury
2250,Zacharyview
2251,Taylorborough
2252,Dawnland
2253,Marcusside
2254,Scottstad
2255,Waynechester
2256,Marshmouth
2257,West Debrabury
2258,Margaretmouth
2259,Wallaceland
2260,Port Robertland
2261,West Leonton
2262,North Adrian
2263,Kyleburgh
2264,West Lauren
2265,Smithview
2266,Williamsview
2267,Watsonbury
2268,Jamesmouth
2269,Hubbardhaven
2270,Smithtown
2271,Carolshire
2272,Richardburgh
2273,Lake Andrew
2274,Jensenstad
2275,Juliachester
2276,Perezport
2277,Jasonberg
2278,New Eric
2279,West Nicholas
2280,Tylerville
2281,South Bradleyport
2282,Rebeccaberg
2283,Aaronberg
2284,Lisaborough
2285,Bryanmouth
2286,New Jennifer
2287,Ramirezshire
2288,Alyssamouth
2289,Robinshire
2290,Mayfort
2291,Russelltown
2292,Port Johnburgh
2293,East Laura
2294,Sherriburgh
2295,Vickistad
2296,Riveraburgh
2297,North Tinafurt
2298,North Jameshaven
2299,Klinefort
2300,New Michael
2301,North Johnny
2302,West Elizabeth
2303,Kirbystad
2304,Floresland
2305,Lake Joshua
2306,West Brandon
2307,Ortegaview
2308,East Kevinburgh
2309,North Amber
2310,Lake Michael
2311,Kelleyberg
2312,Mooreport
2313,Lake Alexandra
2314,Beltrantown
2315,Pettybury
2316,East Kevinchester
2317,Michaelfort
2318,Brianchester
2319,New Samuelton
2320,East Tim
2321,Whitneyborough
2322,East Karenbury
2323,South Jonathanhaven
2324,West Kimberlyland
2325,Davidsonside
2326,West Jenniferside
2327,Geraldstad
2328,New Larry
2329,New Emily
2330,Douglasfurt
2331,West Morganberg
2332,Rileyhaven
2333,West Gabrielaland
2334,New Manuelton
2335,Calvinfurt
2336,Port William
2337,North Amandaview
2338,North Susanport
2339,Jasonhaven
2340,Lake Stephanie
2341,Lake Andrea
2342,Port Vanessaville
2343,Oscarchester
2344,Hillstad
2345,North Benjaminton
2346,Grahamfurt
2347,Alvarezside
2348,Brendaside
2349,Normanstad
2350,Lyonstown
2351,Brendashire
2352,Shannonmouth
2353,Liton
2354,Lake Vanessashire
2355,West Rebeccaport
2356,West Conniebury
2357,Lake Dannystad
2358,Lake Alanhaven
2359,South Mark
2360,North Donna
2361,North Erin
2362,South Crystalport
2363,New Holly
2364,Brendantown
2365,Jacquelineburgh
2366,West Patrickberg
2367,North Matthewland
2368,East Annchester
2369,Rileyton
2370,New Ryanchester
2371,New Scotthaven
2372,Janestad
2373,East Michelle
2374,Crossville
2375,Steelestad
2376,Lake Matthew
2377,Lake Joshua
2378,South Lisa
2379,East Brittanybury
2380,Lake Jonathanhaven
2381,Lake Davidburgh
2382,South Stevemouth
2383,Port Kimberlyton
2384,New Stevenshire
2385,Smithhaven
2386,Jeffhaven
2387,North Matthewside
2388,Hendersonton
2389,Bennetthaven
2390,Karishire
2391,Johnview
2392,North Michelle
2393,East Dennis
2394,Port Kellyhaven
2395,Lake Lindaberg
2396,Faulknerville
2397,Hutchinsonbury
2398,Port Saraview
2399,Torresbury
2400,West Ericaport
2401,West David
2402,Phillipsmouth
2403,Smithberg
2404,Anthonyfort
2405,Timothymouth
2406,North Brandon
2407,Anneborough
2408,Brandonmouth
2409,West Dawnhaven
2410,West Ericatown
2411,Ambershire
2412,Lake Tammy
2413,Joshuabury
2414,Jacksonmouth
2415,Gonzalezchester
2416,New Earl
2417,West Michael
2418,Stephaniehaven
2419,Lake Mark
2420,Andreatown
2421,Bryantside
2422,New Kimborough
2423,Gloriastad
2424,Fowlerfurt
2425,Nataliefurt
2426,Allenview
2427,Williamstad
2428,Christinaland
2429,North Stephaniemouth
2430,West Matthew
2431,Lake Denise
2432,Ericaville
2433,South Cynthia
2434,Christopherfort
2435,New Brianborough
2436,Denisebury
2437,Lake Gabrielton
2438,Ronaldshire
2439,Pamelaside
2440,West William
2441,Bryanshire
2442,Pearsontown
2443,Sabrinaport
2444,North Jessica
2445,Parsonsside
2446,Wrightstad
2447,Toddburgh
2448,New Jessicatown
2449,Parkerburgh
2450,West Ashleyborough
2451,Jaredton
2452,Stacieshire
2453,Griffinmouth
2454,Colefurt
2455,Mannland
2456,New Joshuastad
2457,Emilyburgh
2458,Lake Ashley
2459,Leachland
2460,Charlestown
2461,Coxmouth
2462,South Jason
2463,Lake Charles
2464,Carlsontown
2465,North Brandon
2466,Mitchellstad
2467,North Debbie
2468,Lisaton
2469,Port Daniel
2470,Port Roberttown
2471,Monicamouth
2472,Brownborough
2473,South Tiffanyton
2474,Derekland
2475,Campbellport
2476,Port Elaine
2477,Olsonstad
2478,Ronaldmouth
2479,Ericberg
2480,Markside
2481,New Laurie
2482,Washingtonshire
2483,Craigshire
2484,East Jenniferfort
2485,Heidiburgh
2486,Hooverberg
2487,Port Ashley
2488,Woodfurt
2489,Harrisport
2490,New Kevinland
2491,Jimenezland
2492,Scottshire
2493,New Garrett
2494,Dennisville
2495,East Dianeberg
2496,Wintersfurt
2497,Katiemouth
2498,Port Lisamouth
2499,South Julie
2500,East Oliviahaven
2501,Hallbury
2502,Davisborough
2503,North Paigemouth
2504,West Jenniferchester
2505,Davidton
2506,Reyesfurt
2507,Victormouth
2508,Jacquelinetown
2509,Katelynberg
2510,Michaelville
2511,Port Samantha
2512,North Alan
2513,Matthewview
2514,Maldonadoview
2515,Fischerland
2516,South Patriciatown
2517,Marymouth
2518,Patelville
2519,Lake Jacob
2520,Tammyhaven
2521,South Stacy
2522,Davidburgh
2523,North Michaelview
2524,Angelashire
2525,Hayesport
2526,Port David
2527,Patelland
2528,Victoriatown
2529,Lake Sharonton
2530,Lake Ericchester
2531,Mcleanport
2532,North Toddbury
2533,South Anna
2534,West Ana
2535,East Robert
2536,North James
2537,Carlosville
2538,Estesbury
2539,Lake Jennifer
2540,Brownfort
2541,Leebury
2542,West Janet
2543,South Kristen
2544,North Matthew
2545,Harrisontown
2546,Marshmouth
2547,North Christopher
2548,Lake Michelle
2549,Beardchester
2550,Crosbyfort
2551,Smithstad
2552,East Mary
2553,Millsfurt
2554,Port Michaelside
2555,Port Lisa
2556,Lake Michael
2557,Williamsstad
2558,Annetteport
2559,Riveratown
2560,East Randy
2561,Laneport
2562,Castroborough
2563,Hughesfort
2564,Robertsonborough
2565,Houstonburgh
2566,Jessicaburgh
2567,Davidfurt
2568,Port Anthony
2569,Burtonhaven
2570,New Jamie
2571,Heathershire
2572,Jacksonview
2573,West Colleenmouth
2574,North Mollyfurt
2575,Port Angela
2576,Flowersberg
2577,South Williamshire
2578,Aaronport
2579,Gordonton
2580,Christinaborough
2581,East Emily
2582,West Carolyn
2583,New Amandafurt
2584,Brooketown
2585,Jasonbury
2586,South Ashley
2587,Lake Lisa
2588,Washingtonhaven
2589,North Lisa
2590,North Aliciachester
2591,Marcostad
2592,Lake Wesleyville
2593,East Christina
2594,East Tracy
2595,East Jeremychester
2596,Colemanberg
2597,Lake Mirandafort
2598,South Jason
2599,East Katherine
2600,Martinville
2601,Taylorside
2602,New Christinahaven
2603,Munozstad
2604,Calebside
2605,Rosshaven
2606,East Danielstad
2607,East Victoria
2608,Travisstad
2609,East Dylan
2610,Morenostad
2611,Hayschester
2612,West Heather
2613,Lambmouth
2614,East Scott
2615,Port Sarah
2616,West Lindsey
2617,North Joe
2618,North Anthony
2619,Donnaburgh
2620,Rebeccaborough
2621,Lake Madison
2622,New Joshua
2623,Obrienstad
2624,Cynthiaview
2625,New Anthony
2626,West Isaacmouth
2627,West Paul
2628,South Lorimouth
2629,New Caroltown
2630,Port Scottville
2631,West Dawntown
2632,West Karen
2633,Port Breannaland
2634,East Loriborough
2635,Melissaborough
2636,Lake Holly
2637,New Jonathanmouth
2638,New James
2639,Moorebury
2640,West Kylechester
2641,East Crystalstad
2642,South Sara
2643,West Stephenport
2644,Levineland
2645,Caldwellshire
2646,Starkville
2647,Arroyomouth
2648,Brownmouth
2649,Lake Evanfurt
2650,Smithmouth
2651,Pinedaborough
2652,Johnton
2653,Scotttown
2654,South Sara
2655,North Joshuaside
2656,Williamsmouth
2657,Kaylaland
2658,West Steven
2659,Dennischester
2660,Holmeshaven
2661,Ortegatown
2662,New Davidside
2663,West Brett
2664,West Cherylmouth
2665,New Andreatown
2666,Cantuchester
2667,Johnsonshire
2668,Erinshire
2669,New Walterfort
2670,Youngmouth
2671,Sandraton
2672,South Leslie
2673,Lake Keith
2674,West Rhondaborough
2675,West Eileen
2676,Murphyville
2677,Lake Shane
2678,Farmerfurt
2679,North Suzannefurt
2680,Allenmouth
2681,Allisonmouth
2682,West Jennifer
2683,Sullivanberg
2684,Rosehaven
2685,West Charles
2686,Kimchester
2687,South Jessicaport
2688,West Ruben
2689,Lake Ruthbury
2690,New Jonathanborough
2691,Olsonchester
2692,Jaimehaven
2693,Jameschester
2694,New Joseph
2695,West Kristinport
2696,South Kenneth
2697,Griffithfort
2698,Brownmouth
2699,Lake Jessicashire
2700,North Lisahaven
2701,Soniachester
2702,North Jasonfurt
2703,Lake Randymouth
2704,Scottmouth
2705,New Corey
2706,Matthewtown
2707,Nicolechester
2708,North Kevinport
2709,Meyersside
2710,Leemouth
2711,Jasminemouth
2712,Lake William
2713,Port Sharon
2714,Bakerside
2715,Munozbury
2716,Jacksonton
2717,New Nicoleside
2718,Maryberg
2719,Mitchellstad
2720,North Ariana
2721,New Sharon
2722,Port William
2723,Kimburgh
2724,North Williamton
2725,Owensside
2726,New Eric
2727,Humphreyborough
2728,Port Jonathon
2729,New Cheryl
2730,Lake George
2731,South Bryan
2732,New Lawrenceton
2733,East Madisonport
2734,Brandyland
2735,East Markville
2736,South Carolineberg
2737,Davidbury
2738,Lake Susanville
2739,South Danafort
2740,South Matthew
2741,West Stephaniebury
2742,Lake Michelleville
2743,Campbellborough
2744,Robertport
2745,East Jessicafurt
2746,South Julieton
2747,North Amanda
2748,Port Kellyland
2749,South Sandra
2750,North Katherine
2751,Kennethborough
2752,Leblancview
2753,Maynardfort
2754,East Allen
2755,Port Joycefort
2756,Rickyfurt
2757,Williamstad
2758,Port Cameron
2759,East Jasonburgh
2760,North Sheila
2761,Rodriguezville
2762,Richardsview
2763,East Jeremy
2764,North Marissa
2765,Lake Annaview
2766,Lake Gregory
2767,New Michael
2768,East Bryanchester
2769,Mcdanielshire
2770,North Patrickland
2771,South Todd
2772,Port Nancy
2773,Russellmouth
2774,Marychester
2775,West Sarahburgh
2776,Lake Thomas
2777,North Tiffanyfurt
2778,Rogerville
2779,East Arianaville
2780,South Justinborough
2781,Erinmouth
2782,West Tamara
2783,Lake Amy
2784,Olsonbury
2785,Wilsonmouth
2786,Nicholsonborough
2787,Erikport
2788,Brownmouth
2789,New Meagan
2790,Kathyborough
2791,Smithbury
2792,New Monica
2793,Lewisport
2794,Simmonstown
2795,New Geraldchester
2796,Port Todd
2797,Suzannetown
2798,Nancyshire
2799,West Ernestville
2800,Bryanberg
2801,West Vicki
2802,Sharpburgh
2803,East Jerome
2804,Kaylaside
2805,North Kimberly
2806,Lake Williamshire
2807,Davisberg
2808,South Christinafurt
2809,Lake Edwardburgh
2810,East Amyburgh
2811,North Daniel
2812,South Julie
2813,Randallborough
2814,Monicaberg
2815,West Eric
2816,Parkerhaven
2817,Lake Elizabeth
2818,South Phillipport
2819,Scottfurt
2820,New Edwardberg
2821,Karamouth
2822,Justintown
2823,Millertown
2824,Lake Jennifer
2825,Russellside
2826,Matthewborough
2827,West Loriland
2828,North Andrewchester
2829,Caldwellstad
2830,Port Lindsey
2831,Rodriguezton
2832,North Kimberlyhaven
2833,Allisonton
2834,Lindseyborough
2835,New Lauraborough
2836,Miguelstad
2837,West Kylechester
2838,New Kristen
2839,Jasonmouth
2840,New Hannah
2841,West Haileychester
2842,Davidfurt
2843,South Gregory
2844,Arnoldhaven
2845,Port Ryan
2846,Vincentville
2847,Jasmineside
2848,Davidside
2849,South Karlville
2850,South Edwardton
2851,Shahfort
2852,Lake Robert
2853,West Anna
2854,New Jenniferburgh
2855,Riddlemouth
2856,Cookport
2857,Bennettberg
2858,North Thomasfurt
2859,New Victoria
2860,Port Barbara
2861,West Reginamouth
2862,Maxtown
2863,Port Alicia
2864,Christophermouth
2865,Port Michael
2866,Bennettborough
2867,Kristinaland
2868,West Erica
2869,Jefferymouth
2870,North Donaldport
2871,Sheilatown
2872,East Edwinton
2873,New Jon
2874,Thomasland
2875,Estradahaven
2876,Rojasbury
2877,South Brian
2878,North Davidberg
2879,Sherryberg
2880,Lake Michelle
2881,Adamsborough
2882,Nicholasborough
2883,Lake Luisville
2884,Carolynborough
2885,East Alicia
2886,Port Willie
2887,North Jenniferville
2888,Angelamouth
2889,Timhaven
2890,Port Markmouth
2891,South Scottton
2892,Angelabury
2893,Jonesstad
2894,East Charles
2895,North Hayden
2896,Turnerport
2897,East Tinabury
2898,Lake Angelaborough
2899,Jeffville
2900,Lauraland
2901,Lake Amanda
2902,Hubbardstad
2903,Robbinston
2904,New Katherineview
2905,Deannashire
2906,Lake John
2907,Lake Kathyshire
2908,New Miguelberg
2909,Armstronghaven
2910,Johnville
2911,Mitchellburgh
2912,Melaniebury
2913,Jesusfurt
2914,Duartehaven
2915,West Elizabeth
2916,Amyshire
2917,Briantown
2918,New Aaron
2919,West William
2920,South Melinda
2921,Johnfurt
2922,Lake Derek
2923,Robinsonborough
2924,North John
2925,Lake Michaelfort
2926,Lyonsfurt
2927,Jaredbury
2928,Dodsonberg
2929,Moonport
2930,Donaldside
2931,New Joshua
2932,East Royview
2933,Lake Anna
2934,Port John
2935,Port Madelinetown
2936,Danaburgh
2937,Kinghaven
2938,New Laurieville
2939,North Claudia
2940,South Rebeccahaven
2941,Jeanland
2942,West Megan
2943,North Samuelmouth
2944,Evansmouth
2945,Lake Cody
2946,New Mark
2947,Lake Kyle
2948,Port Paulmouth
2949,Lake Elizabethview
2950,Johnville
2951,East Garymouth
2952,Gouldland
2953,North Deborah
2954,Porterland
2955,Jenniferburgh
2956,Garciamouth
2957,East Mark
2958,Kathrynstad
2959,East Patrickport
2960,Johnfurt
2961,Port Aprilville
2962,Lake Cody
2963,Johnport
2964,Olsonfort
2965,Port Teresa
2966,Davischester
2967,Sarahstad
2968,Lake Erin
2969,New Danielle
2970,West Elizabethmouth
2971,South Anthonyview
2972,Danielburgh
2973,Reyesshire
2974,North Amy
2975,Lake Jason
2976,Lake Mitchellfurt
2977,Brownland
2978,Lake Jeffrey
2979,Andrewshire
2980,East Lindsayton
2981,Christopherton
2982,North Alex
2983,South Scott
2984,West Charlesfurt
2985,Alexchester
2986,Moranfort
2987,Lake Davidstad
2988,West Lisa
2989,Herrerafurt
2990,Fitzpatrickfurt
2991,Christopherstad
2992,West Mollyfort
2993,Robertsontown
2994,Washingtonhaven
2995,New Kaitlynstad
2996,North Cassandraside
2997,Whitakerchester
2998,Joymouth
2999,Moniquetown
3000,Parkerburgh
3001,East Amyfort
3002,North Yolanda
3003,Lake Abigail
3004,Port Keith
3005,South Michaelberg
3006,Robertsonmouth
3007,West Jillianport
3008,Lake Don
3009,New Andrew
3010,Gomeztown
3011,Turnershire
3012,Port Tammyfort
3013,Kruegerbury
3014,Anitamouth
3015,Port Joshuachester
3016,South Kenneth
3017,Lake Christopher
3018,Jonathanton
3019,Jacksonview
3020,South Mark
3021,Lake Christianfort
3022,Sandrahaven
3023,South Samanthaville
3024,Davidtown
3025,Tracybury
3026,West Jamesborough
3027,Port Coltonmouth
3028,South Nathan
3029,Harrisborough
3030,Johnfort
3031,Kevinburgh
3032,East Brittanyshire
3033,Leslieberg
3034,Dylanhaven
3035,West Richard
3036,Saraside
3037,Millerton
3038,Port Patrickburgh
3039,Mckeeland
3040,New Richardhaven
3041,West Stephen
3042,Sierraport
3043,West Arthurbury
3044,West Matthewbury
3045,Oliverchester
3046,Amandafurt
3047,East Joseberg
3048,Scottland
3049,New Walter
3050,Williamstown
3051,Lake Davidshire
3052,Jeremychester
3053,East Edwardland
3054,West Jennifer
3055,Howellview
3056,East Ryan
3057,New Anthonyview
3058,New Christopher
3059,Brockborough
3060,West Christyville
3061,Millerfurt
3062,Joelmouth
3063,Port Davidmouth
3064,Lake Melindaview
3065,Kennethmouth
3066,East Colehaven
3067,Lake Timhaven
3068,Elizabethborough
3069,Malonefort
3070,North Keith
3071,Debraberg
3072,Jonesview
3073,Port Christophermouth
3074,Davidside
3075,Petersberg
3076,Kathrynburgh
3077,Alexandrafurt
3078,Chandlerberg
3079,New Michaelview
3080,Gloriaville
3081,New Dennischester
3082,Christopherchester
3083,Malonefurt
3084,New Alan
3085,Garciaview
3086,South Davidton
3087,Lake Christinechester
3088,Sherryland
3089,Beckermouth
3090,Jessicaberg
3091,Port Joseph
3092,North Jenniferton
3093,Annetteburgh
3094,Michellefurt
3095,North Carlos
3096,Allisonberg
3097,South Gene
3098,Lake Dianebury
3099,Sarafort
3100,New Ginahaven
3101,Danielside
3102,West Robert
3103,West Jackfurt
3104,Dianashire
3105,Lake Lauraview
3106,West Paigeton
3107,North Joshua
3108,Meganside
3109,Lake Thomasview
3110,Martinland
3111,Port Kristen
3112,East Mathew
3113,Laurenburgh
3114,Phillipston
3115,North Dylanhaven
3116,Howardborough
3117,North Joseph
3118,East Melanie
3119,Daltonland
3120,New Regina
3121,Mossland
3122,Jonesport
3123,Bishopburgh
3124,Christopherside
3125,Port Jonathanshire
3126,Dennisside
3127,Lake Richard
3128,Raventon
3129,Hollyberg
3130,Mcclureburgh
3131,Tammyberg
3132,Lake Timothy
3133,Stevenfurt
3134,South Mary
3135,Lake Dustin
3136,Lake Rachelfort
3137,Lake Bruceside
3138,Port Eric
3139,Janetmouth
3140,West Kevin
3141,New Joseph
3142,Wyattton
3143,Port Sonya
3144,East Misty
3145,Hoport
3146,Port Tonyborough
3147,Port Crystal
3148,East Yolandaport
3149,South Jamesmouth
3150,West Henry
3151,Lake Devinchester
3152,New Isaacmouth
3153,Boyerfort
3154,Wilsonberg
3155,New Jennifer
3156,Emilyshire
3157,Jasmineland
3158,Wagnerstad
3159,Robinburgh
3160,East Kathleenchester
3161,Richardside
3162,Robertmouth
3163,North Laurieshire
3164,East Cindy
3165,Lake Annette
3166,East Steven
3167,Kellyburgh
3168,Hansonchester
3169,South Patrick
3170,Gregoryport
3171,East Karl
3172,Port Johnny
3173,Sergioburgh
3174,Johnmouth
3175,Port Christopherburgh
3176,East Matthewton
3177,Port Tammyland
3178,North Bobbyborough
3179,New Kimmouth
3180,Lake Jenniferton
3181,Ibarrafurt
3182,Lake Susan
3183,Lindamouth
3184,South Kevinbury
3185,New Shelly
3186,Charlesmouth
3187,Matthewton
3188,Wrightmouth
3189,Valdezstad
3190,North Sandrachester
3191,South Marcusport
3192,West Aaronstad
3193,Lisatown
3194,Lake Timothyton
3195,East Joshuabury
3196,West Terrifurt
3197,Lake Aliciaville
3198,West Joseside
3199,Johnsonbury
3200,Cruzshire
3201,Christopherstad
3202,Pittmanfurt
3203,Lake Christopher
3204,Hullberg
3205,North Jessica
3206,Houstonchester
3207,South Kristina
3208,Rhondaside
3209,Port Carlosmouth
3210,Port Brett
3211,Turnerstad
3212,Lake Beckyhaven
3213,Howardside
3214,South Matthew
3215,Port Johnchester
3216,North Cindyton
3217,Whiteheadfurt
3218,Danielsstad
3219,New Lori
3220,Kellyborough
3221,Bradleyfort
3222,Mitchellbury
3223,East Elizabeth
3224,Orozcomouth
3225,Barberport
3226,Hallstad
3227,Edwardsstad
3228,North Timothy
3229,New Wayne
3230,East Kevinville
3231,Shaunhaven
3232,Donnaberg
3233,Johnport
3234,East Jaclynmouth
3235,Williamsview
3236,Pamelabury
3237,Travisville
3238,Johnsonborough
3239,Miguelburgh
3240,East Ethantown
3241,North Michael
3242,Gardnerberg
3243,Odomhaven
3244,Port Bradfort
3245,Port Michaelburgh
3246,Rachelbury
3247,Hollyview
3248,Port Sarahborough
3249,Annborough
3250,Brennanborough
3251,West Kayleefurt
3252,South Dana
3253,South Melissa
3254,Port Christopherfort
3255,Lake Erikfort
3256,Christensenmouth
3257,New Courtneyhaven
3258,Thompsonhaven
3259,West Beth
3260,East Jessica
3261,West Colemouth
3262,Cynthiahaven
3263,Port Benjaminshire
3264,New Sarah
3265,Dawnchester
3266,Wumouth
3267,Lake Danielle
3268,Port Chelsea
3269,Andrewville
3270,Kruegershire
3271,North Ericville
3272,East Amyburgh
3273,West Shannonburgh
3274,Danielport
3275,Lake Samanthabury
3276,Patrickborough
3277,Holmesfort
3278,Russellmouth
3279,New Kenneth
3280,East Stephen
3281,Jordanview
3282,Port Manuelfurt
3283,Monicafurt
3284,Port Nicoleton
3285,New Lauraport
3286,Emmafurt
3287,Caldwellton
3288,Stephanieberg
3289,Gregorytown
3290,Jordanport
3291,East Ginaborough
3292,Johnsonview
3293,Nicolemouth
3294,South Alexanderstad
3295,Kristenburgh
3296,Annetteshire
3297,Chadmouth
3298,Carolborough
3299,Kaufmanshire
3300,Kingfurt
3301,South Lauraside
3302,New Antonioshire
3303,South Leonborough
3304,Johnsonfort
3305,Dodsonberg
3306,North Leahfurt
3307,East Rebecca
3308,Patriciaside
3309,North Emilyside
3310,Lake Johnfurt
3311,South Lisaview
3312,Port Jessicaport
3313,Angelicaland
3314,New Jennifer
3315,Watkinston
3316,East Sarah
3317,West Thomas
3318,Littlefort
3319,Port Donald
3320,Port Danielbury
3321,Newtonburgh
3322,New Marcus
3323,Lake Savannah
3324,East Michaelside
3325,Adamsside
3326,New Samantha
3327,Mariafort
3328,Mileschester
3329,Josephmouth
3330,Mariahmouth
3331,West Jesse
3332,Watersfort
3333,South Kristenstad
3334,Carrollshire
3335,Adamsfort
3336,East Tammy
3337,Melindachester
3338,Andreatown
3339,Lake Johnborough
3340,Adrienneborough
3341,Carltown
3342,Ryanton
3343,Lake Krystalfort
3344,West Brandonmouth
3345,Jacquelinemouth
3346,Martinmouth
3347,Lake Christine
3348,Jenniferland
3349,North Becky
3350,Fisherhaven
3351,Lisafort
3352,West Jamestown
3353,Schaeferborough
3354,Timothyfort
3355,Robinsonfort
3356,New Laura
3357,Port Alanview
3358,Justinside
3359,Edwardsshire
3360,Popeshire
3361,Thomasport
3362,West Kristinside
3363,Port Rachelton
3364,North Christopher
3365,Jacobsview
3366,North Ashleymouth
3367,New Mark
3368,New Stephanie
3369,West Juliaville
3370,Port Crystalmouth
3371,South Craigville
3372,Elizabethberg
3373,East Claytonmouth
3374,North Carl
3375,Jacobside
3376,East Kimberly
3377,North Paulaville
3378,Lake Ianberg
3379,East Kathrynton
3380,Nelsonburgh
3381,Brittanyburgh
3382,Wilsonton
3383,Coxside
3384,Lake Jennifer
3385,Orozcofort
3386,Jimenezland
3387,South Frank
3388,West Taylormouth
3389,Wareborough
3390,East Jacob
3391,Hamptonberg
3392,South Dakota
3393,Mortonton
3394,Williammouth
3395,Port Melvin
3396,Elizabethburgh
3397,Andrewsside
3398,Smithbury
3399,East Thomasberg
3400,Hendersonfort
3401,South Martinshire
3402,Lake Isaiahchester
3403,Richardsonshire
3404,Andrewland
3405,North Sara
3406,Lake Jane
3407,West Amberhaven
3408,West Teresa
3409,New Heidishire
3410,Port Debra
3411,East Jameston
3412,Port Daniel
3413,Petersonberg
3414,New Amber
3415,Port Kelseyfort
3416,Lake Lynn
3417,East Melissaville
3418,Ryanfurt
3419,Julieland
3420,Pamelamouth
3421,Port Julie
3422,Tracyview
3423,Jenniferside
3424,New Gary
3425,South Travisville
3426,South Charles
3427,Melissamouth
3428,South Melissaburgh
3429,West Jennifer
3430,North Tarashire
3431,North Bradley
3432,Gloverberg
3433,Robertahaven
3434,New Steven
3435,Saraport
3436,Coltonland
3437,Lopezstad
3438,South Johnathanville
3439,South Jeremyberg
3440,South Shannontown
3441,New Angelica
3442,North Tashatown
3443,East Shannon
3444,Saunderschester
3445,Port Jesus
3446,Michelleton
3447,Millerbury
3448,Lake Andrewberg
3449,Robinsonville
3450,Lake Evanmouth
3451,Marychester
3452,North Shelby
3453,South Alex
3454,East Richardview
3455,Avilabury
3456,New Brettchester
3457,Roberttown
3458,Bartlettview
3459,New Anthonystad
3460,Harrisfort
3461,Bethstad
3462,Danielleport
3463,Nicholsville
3464,Arthurside
3465,Johnsonville
3466,East Billychester
3467,Craigland
3468,Lake Lindseytown
3469,Lake Anthony
3470,Port Robert
3471,Port Crystalchester
3472,Lake Hollytown
3473,East Sherry
3474,Lake Jeremy
3475,North Lance
3476,Kristinport
3477,Russellview
3478,West Alexandriafurt
3479,Ibarrachester
3480,Nelsonburgh
3481,Lake Margaretview
3482,Griffinborough
3483,Robertberg
3484,West Seanhaven
3485,Cordovaborough
3486,Robertberg
3487,South Patricia
3488,Crystalstad
3489,Lake Douglaschester
3490,Marquezstad
3491,Jacobsport
3492,South Benjaminmouth
3493,Gabrielfurt
3494,Lake Gregory
3495,Frederickport
3496,Williambury
3497,Floresborough
3498,Christopherland
3499,Port Jenniferhaven
3500,Andersonburgh
3501,West Clintonview
3502,New Juliamouth
3503,Christopherport
3504,Stuarthaven
3505,East Christinaside
3506,South Justin
3507,Jasonstad
3508,South Sharonport
3509,Archerstad
3510,Manueltown
3511,North Danieltown
3512,Jonesberg
3513,Amandaview
3514,Mitchellbury
3515,Reyesfurt
3516,Joshuaville
3517,East Darryl
3518,Vanessashire
3519,Jenkinstown
3520,Morenoton
3521,Rosarioview
3522,Lake Angela
3523,South Heather
3524,Rileymouth
3525,North Vickiview
3526,Rebeccachester
3527,Lake Chadfort
3528,Jonesville
3529,Port Robert
3530,Ryanville
3531,Hoganfort
3532,New Alicia
3533,Annaport
3534,Port Elizabeth
3535,New Shaneborough
3536,Lake Kaitlynchester
3537,Port Scottside
3538,Smithborough
3539,Lake Dianeberg
3540,East Reginaview
3541,South Carmen
3542,Leblancbury
3543,West Emily
3544,Johnsonburgh
3545,Pooleton
3546,New Frankmouth
3547,Hoffmanfurt
3548,Rogermouth
3549,West Cynthia
3550,Lake Patricia
3551,East Jessica
3552,New Shannon
3553,South Monica
3554,South Jessicastad
3555,Jennifermouth
3556,Lake Lance
3557,Hamiltonport
3558,New Kimberly
3559,Mcdanielland
3560,Patriciahaven
3561,Christopherbury
3562,Jacobfurt
3563,East Vincentton
3564,Fernandezborough
3565,Wandaview
3566,Adamsmouth
3567,Michaelside
3568,Rachelland
3569,Port Eric
3570,West Saramouth
3571,Port Claytonville
3572,Riverafort
3573,West Timothy
3574,Tylerfurt
3575,South Cherylshire
3576,Grosstown
3577,Williamborough
3578,Port Alex
3579,East Jesus
3580,Lake William
3581,Kaiserfurt
3582,Morrisonshire
3583,New Michaelburgh
3584,North Jasonfort
3585,Vasquezborough
3586,Taylorside
3587,Philliphaven
3588,Marshallborough
3589,Ashleyview
3590,West Benjaminburgh
3591,Lake Shawn
3592,East Jennymouth
3593,West Mario
3594,Port Matthewstad
3595,Robinsonview
3596,North Katelynburgh
3597,Cookton
3598,West Thomasfurt
3599,New Margaret
3600,Port Jonathan
3601,East Austin
3602,West Mary
3603,Alyssabury
3604,East Joseberg
3605,Williamview
3606,Port Heather
3607,Davidborough
3608,Jimmyview
3609,South Ronald
3610,South Crystal
3611,Port Danamouth
3612,Kevinport
3613,Moranmouth
3614,Rickyborough
3615,Moralesshire
3616,Sharonview
3617,West Donaldland
3618,Hughesfort
3619,Johnsonfort
3620,North Maria
3621,North Cheryl
3622,Rodrigueztown
3623,Abigailmouth
3624,Jeremymouth
3625,North Darrenland
3626,East Tracieborough
3627,Tylerside
3628,Jenningsberg
3629,Meyersmouth
3630,Lake Ryan
3631,Robertmouth
3632,Adamsland
3633,Kimberlyborough
3634,Danielburgh
3635,North Kevinshire
3636,Port Zachary
3637,Jameston
3638,Brownfort
3639,Stevenfurt
3640,Alfredton
3641,Dorseyview
3642,Lake Kyleland
3643,East Jennifer
3644,Smithton
3645,South Jeremy
3646,Wallacefort
3647,Port Jesse
3648,Margaretland
3649,North Kenneth
3650,Emilystad
3651,New Destinytown
3652,Paigeton
3653,New Melissa
3654,Richmondfurt
3655,Smithside
3656,Gregorytown
3657,North Traceyfurt
3658,New Annaburgh
3659,Pattonfort
3660,New Andrewton
3661,Lake Tracytown
3662,New Emilyland
3663,North Karen
3664,North Rachelfort
3665,Sotofort
3666,South Jacobland
3667,West Susanberg
3668,West Alexander
3669,South Raymondbury
3670,Lake Lukemouth
3671,South Francesview
3672,Joshuachester
3673,Ericfort
3674,East Caroline
3675,South Alejandro
3676,Chandlerfort
3677,Johnsonshire
3678,West Michael
3679,Collinsport
3680,Carmenside
3681,Bellton
3682,North Megan
3683,Keithbury
3684,Wyattmouth
3685,Mcconnellhaven
3686,East John
3687,Lake Jonathan
3688,Andrewberg
3689,South Briannafort
3690,Marshallstad
3691,Lake Frankmouth
3692,Melissaview
3693,East Troyberg
3694,Port Williamview
3695,Sotomouth
3696,Craigchester
3697,Port Rebecca
3698,Port Joelborough
3699,South Daniel
3700,Stephanieland
3701,Cartershire
3702,West Brenda
3703,Lake Mollyfort
3704,East Emily
3705,Russelltown
3706,Contreraston
3707,Lake Derekside
3708,Colliermouth
3709,New Catherine
3710,South Jeanettemouth
3711,Benjaminmouth
3712,Port Jessica
3713,West Paul
3714,North Stephanie
3715,Johnsonland
3716,Stevenshire
3717,Haroldland
3718,Elizabethshire
3719,South Erika
3720,Sextonview
3721,West Ashley
3722,North Brent
3723,West Jennifer
3724,West Christophershire
3725,Powellville
3726,West Ian
3727,Natalieview
3728,Chenmouth
3729,South Katieshire
3730,Port Roger
3731,Branchville
3732,Santosbury
3733,Tylermouth
3734,Port Roberto
3735,East Paul
3736,Mitchellmouth
3737,New Jenniferbury
3738,Kennethshire
3739,Alexandraland
3740,Brownport
3741,Vasquezport
3742,Joshuabury
3743,West Tyrone
3744,North Geraldbury
3745,Lake Coryview
3746,Michelleborough
3747,West Alexis
3748,West Maria
3749,Walkerville
3750,Schultzbury
3751,Hollytown
3752,East Melissaville
3753,North Kimberlyborough
3754,Normafort
3755,Port Lindaborough
3756,South Pamelamouth
3757,South Kurtstad
3758,Lake Madisonfort
3759,Atkinsonmouth
3760,Christianland
3761,East Christineborough
3762,West Jonathan
3763,Daisyburgh
3764,Stephenton
3765,Shahstad
3766,Lake Michelleton
3767,New Ericaside
3768,East Stephaniebury
3769,Lanetown
3770,North Miguel
3771,North Tiffanychester
3772,Hopkinsberg
3773,New Andrew
3774,Walkerview
3775,Donnashire
3776,North Kimshire
3777,Kimberlystad
3778,Stephaniehaven
3779,East Carlos
3780,Tanyaville
3781,Wesleyport
3782,East Juliafort
3783,East Paul
3784,North Jeffrey
3785,Lake Robert
3786,North Seth
3787,Christopherstad
3788,Beasleybury
3789,Smithland
3790,North Donaldchester
3791,Vazquezmouth
3792,Meganfurt
3793,East Amber
3794,Lake Sarahfurt
3795,Johnstad
3796,East Lisafort
3797,Carterhaven
3798,Jaymouth
3799,Jonesside
3800,Taylorberg
3801,North Sandra
3802,Watsonshire
3803,Mcdonaldville
3804,North Patrickport
3805,Robinfurt
3806,New Jamiestad
3807,Rebeccaburgh
3808,South Shelby
3809,New Daniel
3810,Heathertown
3811,West Gerald
3812,Port Sarahport
3813,Ernestchester
3814,East Julieside
3815,Jamesshire
3816,Angelaview
3817,South Jasmine
3818,West Jonathanberg
3819,Destinyton
3820,North Breanna
3821,Ryanville
3822,Christianchester
3823,South Joshua
3824,Mcclurehaven
3825,Christensenborough
3826,Johnsonbury
3827,West Jacquelinefurt
3828,Markfort
3829,Rachelberg
3830,New Dianehaven
3831,Cherylstad
3832,Port Anthonyview
3833,Port Feliciahaven
3834,Mcdowellview
3835,Gilmorehaven
3836,Alexanderton
3837,Angelaview
3838,Nicholasburgh
3839,Whitechester
3840,Robersonview
3841,South Cheryl
3842,Port Joshua
3843,Bishoptown
3844,West Patrickberg
3845,Frankfurt
3846,West Chelseashire
3847,Weissside
3848,New Adammouth
3849,Parsonsmouth
3850,New Rachael
3851,West Russell
3852,North Christopher
3853,Gonzaleztown
3854,Sherylton
3855,Watkinsshire
3856,Davidton
3857,Tiffanyfurt
3858,New Ronald
3859,Stevensview
3860,North Patrick
3861,North Amandaberg
3862,Harrisonville
3863,New Kevinfurt
3864,Englishshire
3865,Port Michaelside
3866,South Christopher
3867,Lesterfurt
3868,West Laurenside
3869,West Erik
3870,Perezport
3871,Port Andrewview
3872,East Samanthatown
3873,Debrafort
3874,Humphreyshire
3875,South Stevenberg
3876,East Meganview
3877,North Jeremiahhaven
3878,Padillaville
3879,Larryton
3880,Port Coltonborough
3881,Port Mariastad
3882,North Elizabeth
3883,East Jamesmouth
3884,New Reginald
3885,Nicoleport
3886,New Marisa
3887,Barbarastad
3888,North Joshuaburgh
3889,Frankview
3890,East Monicaside
3891,Leeland
3892,Robertbury
3893,East Richard
3894,West Justin
3895,Lake Randall
3896,Rioschester
3897,Port Joshuaview
3898,Ritaton
3899,Martinezfurt
3900,North Barbaramouth
3901,South Alfredshire
3902,South Aprilview
3903,Matthewfort
3904,Williammouth
3905,South Kathryn
3906,Kathrynfort
3907,Lake Andrew
3908,Richardland
3909,Lake Aaron
3910,Leachmouth
3911,New Joseph
3912,East Kennethchester
3913,Laurenshire
3914,Edwardsmouth
3915,Katieport
3916,New Jefferyton
3917,Frenchtown
3918,Taylorchester
3919,North Williamfurt
3920,New Davidmouth
3921,East Garybury
3922,East Erinmouth
3923,Dillonfurt
3924,Mooreville
3925,South Janet
3926,Woodsfurt
3927,Kevinshire
3928,Jeremyberg
3929,New Kenneth
3930,Taylorbury
3931,West Michelle
3932,West Ryan
3933,East Tiffanyberg
3934,North Danny
3935,Ortegaburgh
3936,Meganfurt
3937,Montgomeryborough
3938,Byrdville
3939,Proctorside
3940,New Philip
3941,North Davidberg
3942,North Johnmouth
3943,Bookerfort
3944,Brownborough
3945,New Johnburgh
3946,Stephentown
3947,Lake John
3948,Middletonton
3949,West Vanessa
3950,Brittanymouth
3951,Brucechester
3952,South Jefferychester
3953,Garzaborough
3954,Bennettshire
3955,Richardsonville
3956,Lisaview
3957,New Christopherside
3958,Lake Juan
3959,Kleinborough
3960,Harmonshire
3961,West Rachel
3962,North Kevin
3963,Smithmouth
3964,Carterhaven
3965,Zacharytown
3966,West Richardfort
3967,West Williamburgh
3968,South Angelabury
3969,East Anthony
3970,East Johnfort
3971,Port David
3972,Lorishire
3973,Morrisside
3974,New Andrewfort
3975,Ronaldmouth
3976,North Jennifer
3977,Reyestown
3978,Christinaport
3979,Buchananfort
3980,East James
3981,West Danielville
3982,Lake Kristyside
3983,Garciastad
3984,Lake Jaclynborough
3985,West Jimmy
3986,East Aliciafurt
3987,Port Marissachester
3988,Jamesland
3989,Zamoraview
3990,Jennifershire
3991,North Steventon
3992,Lake Christopher
3993,Larsonview
3994,Devinchester
3995,Lake Cynthiafort
3996,North Christopherside
3997,East Lisastad
3998,Hollowayview
3999,Lake Danielmouth
4000,Pachecofurt
4001,West Kathryn
4002,Morrisfurt
4003,Jonesside
4004,Nicoleburgh
4005,Williamsberg
4006,Dawnland
4007,Port Jamie
4008,Duncanton
4009,Ryanchester
4010,Perryborough
4011,South Ericabury
4012,New Danielbury
4013,Port Shannonmouth
4014,South Juliahaven
4015,Christopherland
4016,Port Stevenmouth
4017,Rhodesland
4018,Jamesborough
4019,New Cynthia
4020,South Andrew
4021,Gonzalezbury
4022,Schultzshire
4023,Swansonton
4024,Brandihaven
4025,Ashleyview
4026,South Amandaborough
4027,North Charlesfort
4028,Jameschester
4029,Morganport
4030,Chelseashire
4031,Hayesberg
4032,North Phillip
4033,Port Colleenmouth
4034,West Markberg
4035,South Samantha
4036,Amyburgh
4037,Taylorport
4038,Jasonfurt
4039,Port Tina
4040,New Christopherstad
4041,West Johnnychester
4042,Estradastad
4043,Lake Cynthia
4044,Georgefurt
4045,New Matthewtown
4046,Howardview
4047,Holmesburgh
4048,New Jonathanport
4049,North Jenniferton
4050,Georgeland
4051,Davisberg
4052,Scottton
4053,West William
4054,New Robert
4055,Brianfort
4056,Millerberg
4057,South Dawn
4058,Odonnellstad
4059,Collinsville
4060,Perryburgh
4061,Lake Jeffrey
4062,Cookland
4063,North Bridgetborough
4064,Acostaside
4065,Brownborough
4066,Kirkborough
4067,North Stephanietown
4068,Jessicamouth
4069,Port Sabrina
4070,Rodriguezfort
4071,Clarencebury
4072,South Derek
4073,West Jaclynstad
4074,Sanchezstad
4075,Robertville
4076,Williamsonburgh
4077,New Tammy
4078,Tammyside
4079,South Jonathanfort
4080,South Stephenchester
4081,West Vanessa
4082,Paulton
4083,Meganhaven
4084,Port Sabrinaberg
4085,East Victor
4086,New Melissa
4087,Reginabury
4088,Lake Jason
4089,Lake Jasonborough
4090,Kevinchester
4091,Ashleystad
4092,Hernandezburgh
4093,Brewerborough
4094,New Billchester
4095,Cunninghamstad
4096,South Jesse
4097,New Erinville
4098,Keithfurt
4099,North Paultown
4100,Robertshaven
4101,Port Sarah
4102,New Steven
4103,Lake Jamestown
4104,North Anaburgh
4105,Pageland
4106,West Johnfort
4107,East Stacy
4108,West Brittney
4109,New Ronnieland
4110,Port Markside
4111,North Theresa
4112,Hardymouth
4113,Lake Matthewchester
4114,Leeshire
4115,East Kayla
4116,Wadeside
4117,New Mark
4118,West Maryport
4119,Youngton
4120,Alexisshire
4121,Grayhaven
4122,West Anthonyhaven
4123,Port Matthewburgh
4124,West Stacyview
4125,Holderfort
4126,Andrewside
4127,Solisport
4128,Victoriaborough
4129,Lake Lisaberg
4130,Nelsonton
4131,Butlerburgh
4132,Lake Michael
4133,Oscartown
4134,North Adam
4135,New Steven
4136,Matthewbury
4137,West Amy
4138,West Stevenburgh
4139,Port Maryshire
4140,Lake Sharon
4141,West Calvin
4142,West Matthewfurt
4143,East Eric
4144,Torresside
4145,North Natalieville
4146,Tonyafurt
4147,Sullivanhaven
4148,Port Kimberlyside
4149,Andersonhaven
4150,New Taylorchester
4151,Weberport
4152,Lake Emilyhaven
4153,Mcintoshton
4154,Smithhaven
4155,Stephanieside
4156,Wagnerview
4157,South Catherinechester
4158,Roachshire
4159,Port Julieview
4160,Reneefurt
4161,Caitlynburgh
4162,East Brittneyside
4163,Tylershire
4164,North Joanneview
4165,Stephanietown
4166,North Jacquelinemouth
4167,Mannview
4168,North Stephenton
4169,North Nathanieltown
4170,Kellerstad
4171,South Ashley
4172,Port Teresa
4173,Fieldsshire
4174,Joannaton
4175,Hoovermouth
4176,Port Rebeccaport
4177,New Sophia
4178,Port Jacobshire
4179,Port Edward
4180,North Dave
4181,South Williamview
4182,Boydstad
4183,Katherinefort
4184,East Evanmouth
4185,Rushmouth
4186,South Charlesfort
4187,Katherineshire
4188,Lake Natalieland
4189,Smithberg
4190,North David
4191,Nicolebury
4192,South Adamside
4193,North Eric
4194,Lewisberg
4195,Davidview
4196,South Patricia
4197,New Rebeccatown
4198,Martinside
4199,Walkerside
4200,North Jennifer
4201,East Annettebury
4202,Lake Deborah
4203,East Oscarmouth
4204,Tylerfort
4205,New Leslie
4206,Freyview
4207,West Michaelhaven
4208,Port Kristinland
4209,Hollandbury
4210,West Eric
4211,Lake Mary
4212,Michaelville
4213,New Kennethville
4214,South Dennis
4215,Port Juanborough
4216,Charlesfurt
4217,Jonesview
4218,Lopezville
4219,East Emily
4220,Suzannemouth
4221,West Rhondaville
4222,West Tylertown
4223,Sharonburgh
4224,Mckeebury
4225,Farmerstad
4226,South Samanthaburgh
4227,Port Bradmouth
4228,East Ralphmouth
4229,Georgestad
4230,Morrischester
4231,Lake Julie
4232,Thomasland
4233,Samuelbury
4234,Lake Austinfort
4235,Stephenstad
4236,Wayneberg
4237,East Timothyhaven
4238,Colemanhaven
4239,Williamhaven
4240,Frankview
4241,Tracyberg
4242,Taylorfurt
4243,New Olivia
4244,New William
4245,West Fernando
4246,Michaelfurt
4247,Arianastad
4248,Edwardsfurt
4249,Alyssaport
4250,Lake Tammyhaven
4251,Ortizview
4252,New Jameshaven
4253,North Jonathan
4254,West Kyle
4255,Valerieshire
4256,West Scott
4257,Smithbury
4258,Jeanettechester
4259,Shawnmouth
4260,East Cassandra
4261,Kathyside
4262,Cheyennefurt
4263,Riveraside
4264,Lake Daniel
4265,East Justin
4266,East Karina
4267,Timothyborough
4268,Port Tinaside
4269,West Steven
4270,Mariamouth
4271,Stephanieland
4272,Jontown
4273,Hayesberg
4274,Robertberg
4275,Lake Christopherside
4276,Charlesfurt
4277,East Lauraburgh
4278,West James
4279,West Phillipbury
4280,Jenniferbury
4281,Port Marcusmouth
4282,Singletonport
4283,Lake Davidport
4284,West Darrenland
4285,Lake Zachary
4286,West Barbarafurt
4287,East Tracy
4288,Port Annachester
4289,North Mariaborough
4290,Lake Oliviaville
4291,North Luis
4292,Lake Catherinemouth
4293,East Jason
4294,South Kenneth
4295,Danielfurt
4296,Salinasbury
4297,Port Sherryberg
4298,Lake Susan
4299,Gilmoreland
4300,Lihaven
4301,Port Mallory
4302,New Corey
4303,Jeffreyburgh
4304,South Julietown
4305,North Karen
4306,Melissaville
4307,Zacharytown
4308,New Andrew
4309,Johnton
4310,Mitchellhaven
4311,Nelsonburgh
4312,Mcphersonfurt
4313,North Danielmouth
4314,Matthewsbury
4315,Collinsberg
4316,Port Eric
4317,Bowmanshire
4318,Zavalamouth
4319,Floreschester
4320,Owensberg
4321,Darinfort
4322,East Tylerview
4323,East Jacobland
4324,Perezhaven
4325,Ruizville
4326,Campbellmouth
4327,Stoutfurt
4328,South Anthony
4329,Michaelshire
4330,Smithshire
4331,West Katherine
4332,New Joseph
4333,Loristad
4334,North Rachelville
4335,West Erikshire
4336,North Laura
4337,Nicoleberg
4338,Lake Darren
4339,Lake Michaelview
4340,Morrisonfurt
4341,Lake Beth
4342,East Carol
4343,East Ryan
4344,North Loristad
4345,Adamston
4346,Lake Brent
4347,Alexisfurt
4348,Joshuabury
4349,Robertland
4350,Mccarthyport
4351,West Joseph
4352,East Jessicaland
4353,Barrybury
4354,Cassidyfort
4355,Catherinefurt
4356,Scottshire
4357,North Elizabeth
4358,Sheilamouth
4359,New Jesse
4360,North Johnshire
4361,East Danielview
4362,Ericchester
4363,Tommytown
4364,South Angelaburgh
4365,Vegaton
4366,Stewartshire
4367,Victorborough
4368,North Josephchester
4369,West Melvinchester
4370,Port Morganmouth
4371,Lake Bailey
4372,South Cassandraton
4373,South Jasonmouth
4374,North Jenniferbury
4375,East Ginashire
4376,Dodsonborough
4377,Ramoston
4378,Nealfort
4379,Lake Morganshire
4380,West Martinberg
4381,Port Jonathan
4382,Williamsville
4383,Welchton
4384,Port Elizabethville
4385,West Christopher
4386,South Lindaborough
4387,Port Judyshire
4388,North Maryfurt
4389,Edwardview
4390,Braunchester
4391,Millschester
4392,Alyssaberg
4393,South Earl
4394,Heathmouth
4395,Lake Samanthafurt
4396,New Kyle
4397,East Blake
4398,West Virginia
4399,South Christina
4400,Woodburgh
4401,Lake George
4402,Stephanieborough
4403,Robertshire
4404,Christianton
4405,North Brentmouth
4406,South Samanthaburgh
4407,Allenville
4408,Nielsenland
4409,East Christopher
4410,New Robertside
4411,Jamesberg
4412,East Terry
4413,Lake Michael
4414,Finleyborough
4415,East Patricia
4416,Teresashire
4417,South Christina
4418,New Walter
4419,Frenchchester
4420,South Dorisport
4421,Thompsonfort
4422,Hallstad
4423,New Juliebury
4424,Sarahville
4425,Davischester
4426,South Jeffreybury
4427,Wilsonhaven
4428,West Timothy
4429,Port Maureen
4430,Garybury
4431,North Leah
4432,Port Dustinside
4433,Michaelside
4434,Perezton
4435,Brucemouth
4436,South Craigville
4437,North Peter
4438,Lake Victor
4439,Teresafort
4440,Amandaport
4441,Liton
4442,South Joshuamouth
4443,Fullerville
4444,West Amyberg
4445,Boydton
4446,East Joshuabury
4447,East Mackenzieshire
4448,Christopherchester
4449,Harmonmouth
4450,New Michael
4451,Hicksmouth
4452,West Michealport
4453,New Brandystad
4454,New Kimberlychester
4455,Sanchezmouth
4456,South Katie
4457,Barnettburgh
4458,Port Toddhaven
4459,Lake Brittany
4460,Burnsfurt
4461,Hunterland
4462,Thomasbury
4463,Amandaville
4464,Washingtonville
4465,Finleyhaven
4466,South Amy
4467,Port Kimberlytown
4468,Edwardsfurt
4469,Lake Christophershire
4470,Contrerasshire
4471,Lake Sabrina
4472,Port Robert
4473,Stevenside
4474,Lewisside
4475,Haroldton
4476,Timothybury
4477,Paulaport
4478,North Amanda
4479,Rodgersville
4480,New Elizabeth
4481,Lake Timothymouth
4482,Cynthiaburgh
4483,West Peter
4484,West Scott
4485,West Corey
4486,New Edwardtown
4487,Port Larry
4488,North Michellestad
4489,South Aprilview
4490,Port Madisonton
4491,New Kimberlyburgh
4492,North Diana
4493,Kennedyton
4494,New Christineville
4495,Port Timothyland
4496,Lake Danielton
4497,Alexanderville
4498,Breannaton
4499,Christophertown
4500,Lake Paulside
4501,Karenland
4502,Coxshire
4503,Suzannefurt
4504,Brianfurt
4505,South Eric
4506,Lake Marcus
4507,Port Patrickport
4508,New Stacy
4509,Garretthaven
4510,Moonport
4511,Port Christopher
4512,Arthurbury
4513,Mendezborough
4514,East Shawnachester
4515,North Bradley
4516,Hensleytown
4517,South Matthew
4518,New Matthewmouth
4519,Robertfort
4520,West Richard
4521,Nguyenfurt
4522,Lake Troy
4523,South Angela
4524,Lake Tracystad
4525,Port Kevintown
4526,East Alexandriachester
4527,South Brentmouth
4528,Benjamintown
4529,Millsstad
4530,Masonmouth
4531,Lake Heidimouth
4532,Courtneytown
4533,New Warrenburgh
4534,West Thomasburgh
4535,Port Christopherberg
4536,Lake Bonniemouth
4537,Amandaland
4538,Fishershire
4539,Lake Jason
4540,Port Kirstenville
4541,Lake Johnview
4542,Watsonburgh
4543,Elizabethview
4544,Ashleychester
4545,South Michael
4546,Lake Tinaville
4547,Gordonburgh
4548,Davismouth
4549,Danielmouth
4550,South Brian
4551,Clarkport
4552,Robinsonport
4553,Port Anthony
4554,New Michael
4555,North Terrencebury
4556,West Amanda
4557,North Carolyn
4558,Perezview
4559,Charlestown
4560,Toddbury
4561,Lauraton
4562,West Marc
4563,Watsonview
4564,Lake Robertport
4565,West Alexisside
4566,Jennifershire
4567,Rhodeston
4568,East Austin
4569,Garyview
4570,East Aaronfurt
4571,New Katieland
4572,South Williamborough
4573,Lake Deborah
4574,South Timothy
4575,Barkerfort
4576,Port Emilyville
4577,South Mary
4578,Edwardsland
4579,Lake Kevintown
4580,Hernandezborough
4581,North Johnny
4582,Lindaland
4583,Barrton
4584,Youngborough
4585,Mcmillanland
4586,Port Normafurt
4587,New Tammyfurt
4588,South Jenniferland
4589,Harrisonville
4590,Port Alanstad
4591,West Caitlyn
4592,Alexandertown
4593,Kellymouth
4594,South Lisamouth
4595,Valentinestad
4596,Lake Annaport
4597,Lake Ashleychester
4598,New Scott
4599,West Adam
4600,New Michellefurt
4601,West Jacobtown
4602,East Donald
4603,Parkerchester
4604,Pierceview
4605,South Ryanfort
4606,North Annafort
4607,North Sheila
4608,West Thomaston
4609,North Jesse
4610,South Alexandra
4611,Hendersonmouth
4612,Gainesmouth
4613,East Marvinland
4614,West Christina
4615,South Tiffany
4616,Stewartland
4617,New Lukemouth
4618,Lake Martin
4619,New Kevinfurt
4620,Elijahhaven
4621,Lake Jim
4622,Lake Nathanland
4623,North David
4624,Castanedaburgh
4625,Nguyenville
4626,Shellyberg
4627,West Rachelstad
4628,Mcclureborough
4629,East Michelle
4630,North Gregorystad
4631,Jeremytown
4632,Lake Shannonside
4633,Jenniferberg
4634,New Matthew
4635,West George
4636,Shawnshire
4637,Lake Adam
4638,West Paulside
4639,Port Paulborough
4640,Bairdstad
4641,Sherryburgh
4642,New Mark
4643,East Craighaven
4644,Port Melissa
4645,Perezport
4646,South Mallorychester
4647,East William
4648,Kayleebury
4649,Michaelmouth
4650,Millerfort
4651,Jonathanshire
4652,Whitefort
4653,South Ashleyfort
4654,Lake Sherryland
4655,West Eric
4656,Weavermouth
4657,Stephaniemouth
4658,West Adrianside
4659,Michaelton
4660,North Danieltown
4661,Port William
4662,New Luis
4663,Simonberg
4664,Phillipborough
4665,Lake Melanieshire
4666,North Richardton
4667,Rhondaton
4668,South Kirkview
4669,Jeffreyton
4670,Lake Mark
4671,North Alexandrafort
4672,Aliciaton
4673,Rosston
4674,Port Kevinhaven
4675,South Veronica
4676,Chadport
4677,West Janetburgh
4678,East Erikaberg
4679,Andrewhaven
4680,Jamesview
4681,New Maria
4682,Mcconnellland
4683,East Ashley
4684,North Jamesside
4685,Martinezmouth
4686,Lake Tami
4687,Laramouth
4688,North Timothybury
4689,Port Patrick
4690,South Kevin
4691,Donnastad
4692,North Joshuatown
4693,East Madison
4694,Jennifershire
4695,Haynesborough
4696,New Kelly
4697,Mannberg
4698,East Toddmouth
4699,Phillipsborough
4700,Port Jessica
4701,Ronaldville
4702,South Morgan
4703,Richardsonberg
4704,Marvinhaven
4705,Michaelhaven
4706,West Katieburgh
4707,Lisaburgh
4708,Scottburgh
4709,Lindseyberg
4710,Amandaview
4711,Sandovalstad
4712,North Scott
4713,Jordanbury
4714,Leeshire
4715,Amystad
4716,New Laurie
4717,Jenniferport
4718,Kellyville
4719,New Michael
4720,South Troychester
4721,Orozcoville
4722,Nathanielside
4723,New Andrew
4724,Billyside
4725,West Danielle
4726,West William
4727,Lisaborough
4728,Katherineville
4729,South Christina
4730,Port Jessica
4731,Sethton
4732,Kathybury
4733,Greeneland
4734,Johnsonland
4735,North Stephanieville
4736,West Rebeccaborough
4737,Benjaminburgh
4738,Orrburgh
4739,Ericaburgh
4740,West John
4741,South Ashley
4742,Marvinshire
4743,Port Thomas
4744,North Taraburgh
4745,Gardnerville
4746,West Tiffanyshire
4747,Lisaberg
4748,East Michaelfurt
4749,Anthonyburgh
4750,North Larryborough
4751,Darrenfurt
4752,Jamestown
4753,Port Lindsey
4754,South Lindseybury
4755,Justinborough
4756,Craigfurt
4757,Lake Sarah
4758,Hayesmouth
4759,New Jasmineside
4760,West Jerry
4761,New Kelly
4762,South Susanview
4763,New Michaelland
4764,Jacobchester
4765,Port Jennifer
4766,West Ericberg
4767,Banksview
4768,North Marie
4769,Johnsonview
4770,South Jennifer
4771,Geraldmouth
4772,Richardview
4773,North Lisa
4774,Kimberlymouth
4775,Reyesside
4776,Pettymouth
4777,Victoriamouth
4778,Dennisburgh
4779,Staceyside
4780,Karenbury
4781,East Joshuahaven
4782,Taylorside
4783,Christopherhaven
4784,Newtonfurt
4785,Russoborough
4786,West Franktown
4787,East Manuel
4788,Port Ashley
4789,North Anita
4790,East Patrickhaven
4791,Lauriechester
4792,New Hannahview
4793,Ianland
4794,Jameschester
4795,Randallton
4796,Thorntonstad
4797,Hardinland
4798,Greenmouth
4799,North Heather
4800,Williamborough
4801,Smithshire
4802,Mcbridebury
4803,Paulfurt
4804,West Miranda
4805,Jonesville
4806,Michelleville
4807,North Collinview
4808,South Keith
4809,New Emilymouth
4810,New Cynthiaberg
4811,East Steven
4812,Hollandfort
4813,Matthewstad
4814,Kathleentown
4815,Johnburgh
4816,Toddland
4817,Montgomeryhaven
4818,East Kevintown
4819,West Jessica
4820,South Jacktown
4821,Contrerasborough
4822,Tammyside
4823,Barbarabury
4824,Port Julia
4825,West Alexandrahaven
4826,Edwardsport
4827,Gwendolynland
4828,Whiteton
4829,Patriciaborough
4830,Barrburgh
4831,Murphyton
4832,Saunderschester
4833,Lake Lynn
4834,Williamtown
4835,Rossbury
4836,Lake Josephstad
4837,Nicoleland
4838,West Danielburgh
4839,New Martin
4840,North Maryfort
4841,South Joshua
4842,East Peter
4843,South Scottville
4844,Carlaborough
4845,Dawnchester
4846,North Travis
4847,South Nicole
4848,Pooletown
4849,Hallshire
4850,Pittmanland
4851,Amyburgh
4852,South Greggtown
4853,Fernandoborough
4854,South Johnshire
4855,Georgeberg
4856,South Jessicaberg
4857,Huynhland
4858,Codyside
4859,Huntershire
4860,North Noah
4861,Port Richardland
4862,Williamsfort
4863,Lake Stephenfort
4864,Lake Jessica
4865,Pattersonville
4866,Lewisfurt
4867,Lake Sarah
4868,Erictown
4869,Morenochester
4870,Lisaport
4871,South Anthony
4872,Barbershire
4873,Seanview
4874,Amberville
4875,Obrienfurt
4876,Port Andrewshire
4877,Lake Vanessa
4878,East Sharonfurt
4879,Michaelburgh
4880,Port Andrewmouth
4881,West Mariahview
4882,Jennifertown
4883,New Andrew
4884,Rachelside
4885,North Adam
4886,North Joshua
4887,Scottberg
4888,North Susanberg
4889,Newtonbury
4890,Parkertown
4891,Seanstad
4892,Barneshaven
4893,North Danielleberg
4894,West Bridgetstad
4895,Noblehaven
4896,Ariastown
4897,South Scott
4898,Perezland
4899,North Raymondchester
4900,Dalebury
4901,West Derekfort
4902,New Christinehaven
4903,New Kara
4904,Port Leslieside
4905,Gabriellemouth
4906,North Hannahside
4907,North Lori
4908,Lake Emily
4909,Josephside
4910,Brownchester
4911,New Christine
4912,Rossberg
4913,Katherinemouth
4914,Alexandraburgh
4915,North Joefort
4916,Sarahport
4917,Hopkinsmouth
4918,East Kimberlyport
4919,Louisbury
4920,West Davidmouth
4921,Aprilberg
4922,Port Kaylaburgh
4923,Brianton
4924,Juliebury
4925,New Bryanside
4926,West Lisabury
4927,Hobbsville
4928,Nicolefort
4929,Edwardsbury
4930,New Holly
4931,New Claire
4932,Krystalstad
4933,East Phyllis
4934,New Jamesstad
4935,Stricklandmouth
4936,Marktown
4937,Bryanmouth
4938,Fullershire
4939,Josephchester
4940,Elizabethmouth
4941,Rothtown
4942,Port Robertbury
4943,New Michael
4944,Port Natalieborough
4945,Garyton
4946,Port Brandy
4947,Lake Williamview
4948,West Yolandashire
4949,East Nicoleberg
4950,New Nicholastown
4951,Wileyland
4952,Hayesshire
4953,East Cynthia
4954,Port Jonathanville
4955,North Sharonshire
4956,East Mark
4957,Andreaport
4958,East Christinetown
4959,Garrettfurt
4960,New Sharonstad
4961,New Thomas
4962,East Ericmouth
4963,Hendersontown
4964,Port Katie
4965,South Mariefurt
4966,South Brianhaven
4967,Natashaborough
4968,Morrisberg
4969,West Arthurside
4970,Brownbury
4971,New Rachel
4972,Sanchezshire
4973,East Matthewfort
4974,New Johnhaven
4975,Lake Paige
4976,West William
4977,East Samantha
4978,Port Nathan
4979,South Deanna
4980,East Jessica
4981,Maryton
4982,Davidland
4983,Deniseland
4984,Alexside
4985,Bellbury
4986,East Kelly
4987,Port Stephen
4988,Chavezbury
4989,Boothshire
4990,Vasquezview
4991,West Amber
4992,West Breannaville
4993,Cassandraland
4994,New Victorview
4995,North Mark
4996,Matthewchester
4997,Candicestad
4998,Kellyport
4999,Port Elizabeth
5000,North Angela
