Station_Name,Address
Port James,"4658 Kathryn Row Suite 909
East Matthewland, LA 06853"
Vasquezborough,"76553 Harris Junction Suite 726
Vanessabury, FL 18150"
Robertmouth,"1243 Jeremy Greens Apt. 854
Nicolechester, NM 21721"
West Cynthia,"823 Woods Grove Apt. 176
South Michelle, MO 20529"
Lake Jason,"781 Susan Club Apt. 963
Lake Carrie, DE 41561"
Lake Daisyton,"42085 Amber Coves
East Terriside, NY 28055"
Jefferyburgh,"5385 Williams Way Suite 713
North James, VA 19202"
New Marktown,"460 Diaz Glens Apt. 573
Lake Bryanport, RI 29938"
Port Kenneth,"85811 Johnson Mission
Walkerfort, PA 46824"
Powellburgh,"63281 Medina Route Apt. 764
Rachelside, WV 75038"
Kevinshire,"72846 Kayla Burgs
East Derrick, VA 59859"
Harringtonside,"67332 Sparks Estates Apt. 804
New Christymouth, NV 44245"
West Deborahfort,"USNV Wells
FPO AP 64223"
Port Johnny,"Unit 8769 Box 7504
DPO AP 97160"
East Krystalburgh,"668 Betty Stream
Whitemouth, NV 75848"
Smithport,"91687 Andrews Square
Martinezfort, OK 26202"
South Nicholas,"96051 Kaitlyn Trafficway
Danielstad, ND 33643"
Leeview,"770 Brittney Lock
Lake Joshuaborough, ND 87437"
Tammyside,"9476 Cheryl Summit
Allenshire, PA 85058"
Nancyshire,"7580 Baker Islands Suite 197
East Samuel, PA 88915"
Monicafurt,"632 Troy Viaduct
New Barbaraside, TX 43725"
North Tammyberg,"68859 Wright Crossing Suite 576
Tuckershire, IN 68991"
South Michaelfort,"934 Dawn Union Suite 018
Markside, WA 43683"
West Thomas,"60269 Travis Underpass
Crystalburgh, RI 09431"
East Jamesville,"8802 Briggs Extensions Apt. 345
Howellville, CO 79160"
Simpsonstad,"5412 Michael Ford
East Amanda, MH 33969"
West Peterbury,"28005 Mccormick Center Apt. 113
Martinfurt, ME 49662"
Flemingmouth,"6868 Lauren Shoal
East Lauren, MA 01858"
West Scott,"USNV Molina
FPO AP 12636"
South Alison,"69305 Larson Road Apt. 081
Carlsonland, DE 63624"
Bellville,"780 Hannah Bridge
Bergerfort, WI 48859"
New Larry,"33337 Jones Brooks Apt. 291
Hartville, MO 16963"
New Rhonda,"5887 Craig Junctions
New Julieton, ND 22638"
South Johnport,"USCGC Miller
FPO AE 17859"
Sandraland,"066 Matthew Pike Suite 786
New Charlesmouth, WV 99259"
Williamsport,"7940 Bowman Mills
Lake Hunterland, NH 06398"
Brettstad,"3428 Tammy Falls Apt. 736
Richardville, SD 20305"
Port Karenmouth,"1633 Rivera Ports Suite 548
Kirkview, VT 89524"
New Daniel,"115 Smith Drive
Klinetown, IL 41452"
Elizabethhaven,"0806 Joy Place Apt. 802
East Michael, AR 27514"
Andersenport,"647 William Flat Suite 868
South Derek, PW 67069"
Annaview,"780 Thornton Hollow
North Kiara, HI 16723"
New Alex,"2850 Sean Mountain Suite 706
Lake Jamiebury, DE 10833"
East Jennifer,"0972 Lin Camp Suite 972
Hoffmanborough, KY 55593"
West Stephen,"121 Davis Tunnel Apt. 227
North Bretthaven, NJ 93308"
Davidland,"86510 Kristina Drive
Bethtown, NY 52210"
Port Davidchester,"2615 Moran Port
South Maria, AK 51224"
North Michelle,"1948 Leslie Square Apt. 994
Perezhaven, MD 09659"
Johnfort,"0299 Jeffrey Ferry
Allisonchester, VT 91036"
Port Angela,"7035 Raymond Mount Suite 423
Loganmouth, FL 58177"
Lake Nancy,"2280 Amanda Port Apt. 782
East Ashley, OH 72140"
Smithview,"646 Clayton Camp Suite 808
South Peterstad, NJ 84585"
South Erinfurt,"896 Bates Neck Suite 543
Sharonport, PA 11588"
Floresberg,"PSC 1296, Box 4966
APO AP 03499"
Williamstad,"3126 Michelle Knolls Apt. 144
New Kristinfort, PA 08649"
Davidport,"9655 Garcia Isle
North Jacquelineborough, WY 52123"
Martinezport,"PSC 1663, Box 1879
APO AA 45663"
West Samanthaberg,"12353 Amanda Ville
South Megan, MS 19045"
Merrittfurt,"0017 Brown Extension Apt. 946
Port Carla, FM 79370"
West Michael,"9256 Brandi Meadow
North Stevenmouth, MS 11402"
East Cassandraton,"7036 Karen Parkways Suite 334
Morrowfort, OH 27192"
Christophermouth,"6763 Sheila Crossroad Suite 912
Mariaburgh, AZ 76671"
New Hannahbury,"16279 Katelyn Inlet
Hillstad, ND 49789"
Lake Josephstad,"42050 Elizabeth Loaf
Lake Benjamin, GU 46458"
Salinasfort,"059 Harris Radial
East Christopher, DC 80991"
West Christinechester,"USCGC Martin
FPO AP 52814"
East Christina,"PSC 5400, Box 1841
APO AP 59078"
Johnville,"863 Jimmy Inlet Apt. 561
West Stephaniemouth, MH 00699"
Russellberg,"945 Tammy Forks
Michelleton, FL 69489"
Lake Adam,"786 Justin Prairie Apt. 805
New Jeremy, WY 66810"
East Sandraburgh,"726 Cole Via
Lake William, FM 21249"
East Joseville,"742 Bradley Springs Suite 821
Danaville, IA 34100"
Port Katherineville,"66627 Brown Greens
South Angela, AR 77291"
South Brandon,"PSC 7698, Box 7504
APO AE 05723"
East Monica,"020 Joyce Skyway
Lake David, NJ 29985"
South Karenport,"40959 Jamie Drives
Port Vanessa, VT 76584"
North Cheryl,"PSC 3655, Box 2563
APO AA 74132"
Dianaside,"6514 Hawkins Valleys Apt. 325
East Samantha, ME 52026"
West Ryanborough,"803 James Points
South Franciscoberg, OK 27668"
Averyburgh,"1383 Dalton Lock Apt. 553
North Rebeccahaven, PA 64347"
East Nicholas,"PSC 5427, Box 0794
APO AP 16997"
South Teresa,"8500 Timothy Corner Suite 426
Port Travisside, MP 23365"
West Veronicaville,"19275 Warner Pass
Maddenbury, OR 72010"
Lisaberg,"32369 Erik Camp
Jenniferchester, NE 63447"
South Kellyhaven,"49644 Melissa Meadow Suite 745
Annetteton, VI 84070"
Russohaven,"1502 Tara Station Apt. 731
Lake Aaronville, CA 85678"
North Stephanie,"62171 Gina Dale Apt. 508
East Lawrencebury, MP 07853"
Chapmanborough,"2869 Kenneth Park Suite 511
Norrishaven, KS 49010"
Michaelfurt,"4336 Lawrence Summit Suite 002
West Adamfurt, PR 26166"
Elizabethborough,"22748 Huerta Keys Suite 968
North Maria, TX 34219"
East Robin,"61262 Tate Rest Suite 087
South Kathleenhaven, PA 59563"
Murphyberg,"2794 Thompson Flat Apt. 541
East Tylerfurt, ND 78278"
Chaneymouth,"185 Thomas Plain
Halebury, NH 56210"
North Roy,"021 Lindsey Trail
Angelastad, OR 96752"
Rebeccamouth,"5076 Johnson Forge
Bennettton, MN 13659"
Taylorfort,"3712 Katherine Loaf
North Roberttown, AL 67398"
West Cindy,"021 Solomon Way
South Christinabury, AS 41961"
New Wendy,"408 Ward Ranch
Port Debraside, MP 82925"
Jonesbury,"944 Bright Well Suite 839
South Jamie, GU 36006"
New Michellehaven,"021 Gregory Bypass Apt. 611
Bradleytown, MS 74771"
Loganhaven,"542 Roy Crest Apt. 829
South Kellyland, VI 02496"
Riceton,"5960 John Extensions
Crossport, OH 30652"
Currystad,"94656 Stephanie Crossroad Apt. 235
Serranoton, MD 15360"
Carlland,"0482 Torres Turnpike
North Sheriview, WY 66175"
New Traci,"090 Kathleen Plaza Apt. 888
South Shelly, SD 51586"
South Angelaborough,"USS Wright
FPO AP 77649"
Bruceland,"71094 Green Points
Taylorfurt, MI 34117"
Cookhaven,"25399 William Freeway Apt. 157
North Jeffreyburgh, OR 99831"
East Jenniferside,"65884 Michael Rest
Lauraburgh, AS 40462"
East Angelica,"38655 Veronica Throughway
North Johnside, CO 81118"
New Shaunburgh,"77453 Aimee Park Apt. 560
New Wendyburgh, MN 00630"
South Rebecca,"770 Finley Island Apt. 347
Port Kyleburgh, AZ 08744"
New Cassandra,"82844 Dunn Garden
South Julie, WY 03853"
West Christopherstad,"603 Christine Falls Apt. 290
Richardsonhaven, NH 80363"
Rossburgh,"8107 Donna Terrace
Shieldsberg, VA 61263"
Aguirreberg,"3261 Megan Views Apt. 774
Coxland, OR 51134"
New Catherinehaven,"92965 Lisa Turnpike Suite 008
Williamsfort, DE 57404"
Kruegerfurt,"62493 Richmond Spur Apt. 997
Douglasstad, WI 91248"
Ashleyfurt,"588 Curry Centers Apt. 491
Toddtown, VT 96155"
Russellside,"95032 Russell Club Suite 547
Port Katherineview, IA 44242"
East Stefanie,"34278 Rodriguez Oval
Lake Rebeccabury, MH 18639"
North Reneeton,"7424 Reed Canyon Apt. 226
Devinville, CA 15415"
Fisherfurt,"0934 Bright Walks Apt. 844
Carterside, DE 05435"
North Bradleyshire,"74676 Jeremy Hills Apt. 412
Lake Isabellaville, NJ 97105"
Reyesside,"44986 William Gardens
Russellport, MT 18008"
East Rita,"792 Anderson Landing Apt. 122
South Oliviaport, UT 68968"
New Nathan,"04829 Jacob Mountain Suite 883
West Eric, MP 13839"
Roweside,"USCGC Hobbs
FPO AE 12733"
Andersonchester,"97524 Alexander Ports
South Michaelton, AK 74715"
Jonesmouth,"993 Garcia Roads
Ashleyfort, GU 29398"
Lauraport,"980 Elizabeth Parkway Suite 676
Lake Debbie, ID 89887"
Mayschester,"780 Aaron Plains Apt. 087
East Matthew, OR 15832"
Stacyview,"Unit 0975 Box 2815
DPO AA 05700"
Joelview,"7919 Ruiz Spur
Roseshire, MO 65940"
Alexisburgh,"3581 Mark Keys Apt. 511
Staffordshire, LA 54826"
South Stephanieborough,"87964 William Extensions
Pruittview, ID 12669"
Smithport,"18074 Gay Lakes
South Hollyshire, CT 60513"
Lake Jared,"738 Rachel Trace
Michaeltown, IA 82546"
Jonathanhaven,"115 Garcia Loaf
Reneefurt, SC 58549"
Lake Anthony,"81853 Miller Mountain
Ericabury, AZ 32825"
Connerton,"Unit 6596 Box 0698
DPO AA 27391"
Collinstown,"93421 Amanda Center
Courtneyville, WI 20842"
Fowlerbury,"094 April Burgs Suite 509
North Diane, ND 96722"
West Louis,"63244 Powers Shoals
Christophershire, MH 63908"
Lake Christopher,"907 Lambert Light Apt. 954
Stephensonstad, CO 79943"
Burnstown,"PSC 5898, Box 6811
APO AA 06507"
West Sarahton,"7394 Robert Isle Apt. 057
East Nicoleport, PR 81297"
Weaverfurt,"98352 Carrie Mills Apt. 976
Marybury, UT 50443"
South Regina,"608 Chang Wells
Port Elizabethland, DE 06562"
East Bradleyville,"689 Steven Grove Apt. 273
Perezport, IA 85071"
Port Adam,"125 Daniel Turnpike
Davisstad, PW 45796"
Perezberg,"945 Lopez Field Apt. 021
Suttonstad, PR 91865"
Alexanderton,"PSC 9981, Box 8716
APO AE 75596"
Lake Dennisfort,"1580 Hodges Hollow
Lake Crystalmouth, OR 57276"
North Cristian,"46300 David Center Suite 453
Hobbsshire, HI 44489"
Lake Taylor,"98692 Christopher Mill
Stephanieburgh, NH 10131"
East Max,"194 Larry Isle Apt. 852
Rodriguezstad, LA 86493"
South Ryan,"5608 Cindy Crossroad Suite 656
New Katrinahaven, DE 95606"
New Bradleyfort,"542 Rebecca Groves Suite 925
Hugheston, NC 84509"
Lake Johnchester,"04237 Katherine Glens
Kingshire, SD 00719"
New Amber,"978 Sutton Plaza Apt. 072
Bookerstad, DE 98384"
Christinamouth,"23383 Wilkins Island Apt. 054
Ruizton, MH 16799"
New David,"266 Hawkins Valleys
Brittneyshire, AR 75859"
South Rebeccahaven,"USNV Jones
FPO AP 36525"
Jasonview,"74439 Jeremiah Flats
Kristinaland, OK 83803"
Andreahaven,"92469 Walsh Plains
Maryville, LA 87260"
Port Jameshaven,"5600 Tracy Stream Apt. 152
Port Timothyside, NE 56670"
Moranfurt,"297 David Station
Port Alexisberg, VT 08062"
East Deannaview,"90670 Sherry Plain
Cindyhaven, DE 63718"
Brownport,"1199 Mayer River Suite 884
Yvonneberg, AK 99580"
Smithview,"0362 Marissa Light
East Steveburgh, GU 15597"
West Markberg,"5623 Nicole Inlet Suite 408
Weaverview, NC 47756"
Lake Courtneyborough,"Unit 9502 Box 5882
DPO AA 13457"
North Amy,"010 Michael Vista Suite 263
Kennethfurt, MT 73244"
North Pennyhaven,"744 Deanna Plain
Moorefort, KY 53358"
Triciaborough,"59922 Brown Flats
Port Brenda, NM 95988"
Davistown,"26852 Vasquez Ridge
Joshuamouth, VT 17569"
Kaylastad,"9824 Vincent Stream
Port Tonyastad, MH 27021"
Rachelmouth,"493 Emily Motorway Suite 043
Martinborough, PR 19072"
Port Jessica,"4507 Justin Ranch
Theresastad, WI 67693"
Rachelchester,"940 Sarah Path Apt. 999
Port Davidmouth, AL 12299"
Joshuaton,"60836 Stephanie Views
New Thomasburgh, WY 54285"
South Dianechester,"5870 Nicholas Square
Port Shawn, NJ 57108"
Beckerfort,"4196 Sarah Land Apt. 050
Garychester, HI 16029"
Jamestown,"792 Bryan Springs Suite 448
Sarahborough, KS 41912"
Johnsonton,"9874 Buchanan Groves
South Stephen, PW 97229"
Murphyville,"4734 Christina Courts Apt. 764
Marktown, ID 57051"
Kathleenland,"586 Sims Garden
West Coltonshire, NE 64772"
Smithburgh,"78840 Jones Inlet Apt. 554
Jasonhaven, ND 11251"
Parsonsshire,"003 Jeffrey Freeway Suite 186
West David, CA 87670"
Lisaview,"7549 Stacey Station Apt. 274
West Michael, WY 48038"
Kelleyberg,"2319 Ward Mountains
Cooperview, MA 59008"
Port Samanthamouth,"455 Lisa Cape Suite 593
Martinezfurt, NE 88030"
Brandonville,"7382 Lisa Divide
Porterport, RI 10095"
East Stephanie,"3261 Natalie Tunnel
Chloehaven, TN 51402"
Padillafurt,"698 Herman Summit Suite 587
East Christinefurt, PW 88555"
Bellville,"06662 Michael Haven
West Jessicaland, NJ 34410"
North Carolyn,"9377 Sarah Center Apt. 065
Johnfurt, MA 99868"
Jerryborough,"92513 Carter Ridges Suite 990
Lake Cory, OR 40114"
Kevinton,"530 Cruz Brooks Suite 647
Leeborough, WI 40930"
Port Kathryn,"USS Tyler
FPO AA 46249"
Howardberg,"USCGC Morrison
FPO AP 93184"
Wangmouth,"56764 Barnett Mountain
Jerryshire, PW 44510"
Briannaport,"997 Jennifer Rue
Colemanbury, ME 36163"
West Karaberg,"83356 Le Springs Suite 394
Myerschester, OR 25013"
Williamsbury,"3021 James Estates Suite 139
South Heather, IA 29440"
Allenshire,"1467 Watson Ferry Apt. 251
Paulaville, MI 86600"
Hernandezburgh,"02159 Stephen Shores Apt. 492
Rosston, NC 78775"
North Sherriview,"836 Hopkins Island Apt. 139
Phillipland, MS 89245"
East Codymouth,"05875 Arnold Plain Apt. 363
Williamburgh, NC 36651"
Ibarraborough,"275 Mackenzie Lake Suite 447
North Jonathan, NM 20207"
North Lauraland,"267 Luis Shores
Hopkinsmouth, MA 72078"
Port Robert,"3646 King Underpass Apt. 250
South Christine, ND 41689"
Robertchester,"3885 Brown Keys Apt. 737
Lake William, OK 10423"
South Scottbury,"9348 Christensen Village Suite 468
Garyton, PR 51950"
South Brianna,"293 Brandon Estates Apt. 025
Port Christinahaven, OH 95832"
South Brandonburgh,"665 Tyler Orchard
Mcdanielmouth, OH 39378"
Elizabethport,"53148 Cassandra Way
Jeromefurt, CO 39896"
New Kathy,"6572 Daniel Junctions
East Francesbury, CA 15118"
North Johnchester,"0726 Jacob Fork Apt. 777
East Taraborough, ME 72403"
Brianborough,"USNV Morgan
FPO AP 31319"
Lauriefurt,"Unit 0643 Box 6972
DPO AP 82527"
Colleenchester,"72967 Lisa Ranch
Rickmouth, CA 54520"
Robertside,"06301 Megan Light
West Jessicaberg, ME 96188"
Charlesmouth,"712 Mckinney Isle
Wilsonbury, VT 08232"
Gonzalezland,"USS Martin
FPO AE 73768"
Bennettfurt,"148 Benjamin Curve Apt. 929
Lisashire, OH 34975"
New Daniel,"704 Espinoza Causeway
Markbury, GU 66940"
East Kathleenmouth,"68012 Adams Junctions
Lake Jeanette, MD 87120"
Holtport,"9980 Riggs Canyon
Martinezton, OK 67219"
Lake Sandrafurt,"1163 Mcgrath Common Apt. 171
Courtneybury, GA 10510"
Stewartside,"15547 Adams Glen Apt. 655
East Bruceville, HI 56553"
North Brianville,"718 Rodgers Coves Suite 275
West Craig, MT 90154"
Annberg,"0548 Jason Bridge
South Philip, DE 67417"
Cynthiaborough,"57156 Ayala Shores Suite 831
South James, MH 97417"
New Janet,"1060 Jesse Drive Suite 094
North Joelhaven, AR 07739"
Heatherview,"555 Burns Spurs Suite 797
West Gregory, IL 92540"
Joshuaside,"29570 Mckinney Port
Thompsonville, KS 07306"
New Huntermouth,"50839 Green Shore Apt. 680
Jennifershire, PR 87042"
Hughesfort,"450 Coffey Turnpike Suite 251
West Denise, TN 30229"
Port James,"94708 Kimberly Stream Apt. 653
Michaelview, GU 91586"
Wareview,"PSC 4892, Box 9099
APO AA 10397"
Dorothymouth,"849 Hamilton Center
Garciaview, VA 93853"
North Samantha,"66966 Tyler Coves
Jenniferport, NJ 03408"
Martinport,"3941 Pamela Harbors
Port Rebeccaberg, MD 64129"
West Jeffery,"74081 Thomas Land Apt. 703
Hawkinshaven, VT 87464"
North Rachel,"5007 James Motorway
Lake Hannahborough, MN 61286"
New Robin,"36314 Patty Street Suite 190
South Karina, OK 51647"
Robertburgh,"48914 Campbell Shoals
Joshire, TX 69776"
Isabelchester,"035 Ana Prairie Suite 215
Port Sharonfort, PA 43727"
South Ashley,"8444 Jacqueline Key
South Kathleen, OH 20303"
East Omar,"86656 Hunter Cape Apt. 413
Melissachester, VA 09740"
Davisland,"191 Jose Port Suite 745
Brianshire, MS 20714"
Christinechester,"95288 Campbell Meadow Apt. 110
Gardnerside, TN 14627"
East Cheryl,"059 Patricia Pine Apt. 468
New Xavier, DE 08386"
South Phillipburgh,"3148 Chandler Viaduct
Lake Jackie, KS 79699"
Christopherberg,"174 Michael Cliff
West Bryanview, KY 49349"
North Patricia,"PSC 3553, Box 7599
APO AP 75760"
East Bradley,"5317 Cynthia Skyway Apt. 767
South Angelaton, AR 91546"
Lake Jennifer,"44406 Schultz Fields Apt. 932
Fisherborough, WV 29062"
New Adrian,"94797 Carol Lock Apt. 733
Allenhaven, WA 21973"
Tammytown,"574 Barker Gardens Apt. 796
Andrewstad, GA 46910"
Crossmouth,"13782 Sanders Locks Apt. 449
New Lisa, PW 38482"
Turnershire,"4555 Tucker Hill Apt. 951
New Kelsey, AZ 24680"
Joneschester,"Unit 2435 Box 9203
DPO AE 10571"
Greenhaven,"0785 Diaz Street
Kimberlytown, MS 62950"
South Timothyton,"58699 Diaz Ports Suite 566
Brownberg, NJ 68039"
North Jerryland,"659 Cruz Glens
Cunninghamton, CA 45370"
Wrightport,"59354 Clark Mall Apt. 759
Shepardside, UT 61897"
Lake Jacob,"45220 Kenneth Stravenue Suite 293
Lake Travisfort, SD 94178"
South Lauraland,"71914 Ford Garden Apt. 149
New Angelahaven, TN 94661"
Josephmouth,"843 Angela Stream Suite 725
Pattonberg, AK 32501"
Port Samanthabury,"73767 Kathleen Walks
South Jeremy, CA 05964"
West Jamesfurt,"45907 Christopher Mill Apt. 861
Port Amandachester, AS 69804"
Georgefurt,"63171 Fisher Path Apt. 257
South Jermaine, AZ 51301"
Mooreberg,"0556 Erin Junction
North Colleenton, MD 22104"
Mckinneyside,"PSC 8554, Box 2999
APO AP 89918"
East Robert,"USCGC Walker
FPO AP 43642"
West Angelica,"1467 Donald Key
Jeffreyport, IA 08183"
Lake Christopherside,"981 Alejandro Extensions
Lake Christina, IA 03069"
West Matthewborough,"9175 Matthew Path
Lake Bryanview, HI 39499"
East Tylerview,"28689 Joseph Hollow
West Diane, OK 38424"
Wrightmouth,"29711 Clark Vista
New Danielleview, CO 90084"
Stanleystad,"8434 Kaitlyn Locks Suite 530
Ryanville, AS 57056"
Pamelaport,"0386 Livingston Keys
Lake Lindsey, PA 29958"
Jonesbury,"608 Hall Lodge
Port Stephanieport, AZ 62808"
East Catherineton,"36484 Kelly Plain Suite 892
West Michael, NV 50682"
Joshuahaven,"19002 James Loaf
Timothyberg, MA 50200"
Derricktown,"93951 Strickland Mountain
Stephensville, NE 57451"
Deanland,"357 Moore Curve Suite 507
East Cody, ND 49877"
Jonesland,"71138 Jennifer Well Apt. 698
Nixonstad, NV 39097"
Bakerport,"4757 John Squares
Olsonchester, MS 91055"
Kathrynborough,"USNS Wilson
FPO AE 74037"
Jennifershire,"7167 Mitchell Springs
Lewisside, FL 11471"
Port Jessica,"8199 Robert Mills Apt. 958
Stephaniefort, CO 10204"
Lake Donna,"PSC 4448, Box 1919
APO AE 87115"
Port Julie,"3369 Williams Road Suite 354
Christinemouth, AL 37422"
Robertville,"0419 Beck Drives
West Codyshire, GU 99820"
East Johnview,"011 Katherine Forge
Donnaside, DC 64248"
Nelsonland,"8013 Isabel Rue Apt. 622
South Michael, PR 97114"
East Thomasberg,"6994 Richard Manor
Melendezside, VI 36956"
Ramseyburgh,"555 Heidi Radial Apt. 717
Juanport, NY 99321"
West Mauriceview,"188 Lloyd Vista
East Rachael, NY 36401"
Port Brian,"85546 Atkinson Well Apt. 131
New Andrea, SD 23469"
West Stacyview,"6450 Haley Hill
Gravesborough, GU 03021"
Lambertville,"1969 Coleman Mountain
South Bradley, RI 94456"
Lake Michael,"9711 Webb Wells Apt. 459
Port Rebeccachester, NE 50823"
Ashleybury,"2470 Emily Mountain
North Williambury, ME 76702"
Pearsontown,"1679 Larry Parkways
East Angelica, WA 94789"
East Loretta,"148 Wells Street
Wesleyshire, NM 21245"
Grahamchester,"10568 Cheryl Extensions
East Anthony, CA 46769"
South Michael,"451 Cruz Locks Suite 377
Peterhaven, DE 81858"
West Zachary,"61549 Angela Tunnel
Edwardtown, VT 41084"
Villarrealview,"629 Steven Walk
West Jim, NH 70043"
Copelandfurt,"639 Michael Valleys Suite 556
Kingburgh, NH 82601"
South Haleyport,"695 Garcia Prairie
Glennton, AZ 47642"
Lesterhaven,"334 Daugherty Centers
Port Brian, FL 89706"
Mariastad,"Unit 6624 Box 7975
DPO AA 56140"
East Robertbury,"812 Kevin Manor
Port Darlenemouth, MH 68034"
Erikburgh,"583 Tonya Glen Apt. 938
Jamesstad, OR 44735"
Mackhaven,"0183 Julie Oval Apt. 828
East April, MH 47793"
North Zachary,"15052 Harold Pass Suite 716
Coltonport, KY 42666"
East Rebecca,"7294 Greene Mill Apt. 019
Darrellton, AR 07174"
Perezchester,"6375 Maria Springs Apt. 794
Donaldside, OH 85848"
Melaniebury,"5828 Mckay Landing
Ruthchester, FL 52644"
Douglasborough,"24411 Kim Fork Apt. 027
Stewartmouth, GA 15305"
Samanthaburgh,"69245 Vickie Mountain Suite 666
New Calvinside, PW 92082"
Grantfort,"PSC 9150, Box 1702
APO AE 58995"
Hannahmouth,"3857 Walker Course Apt. 234
Thomasstad, SD 43177"
South Mark,"924 Green Lane Suite 263
Wrightton, NH 46280"
Onealland,"Unit 7960 Box 5803
DPO AA 36141"
Frostport,"5380 Rodriguez Shoals Suite 219
North Virginiaborough, PR 95199"
North Lisaview,"144 Thompson Circles Suite 058
Martinezchester, VA 41804"
Lake Randyside,"60963 Chelsea Circles Suite 540
Tamaraport, NJ 22630"
Richardport,"4198 Erik Road
Kurttown, AL 94910"
Alexisland,"14314 Elizabeth Ramp Apt. 299
Lake David, LA 45678"
Port Anthonyburgh,"544 Nolan Manors Suite 721
South Michaelville, MT 47953"
Brownhaven,"4142 Cameron Plaza Apt. 633
New Katieport, AK 58889"
Annaville,"305 Cassandra Cliff Apt. 259
Tylerstad, IN 44389"
Cynthiahaven,"269 Dixon Terrace
Melissaside, RI 66091"
Lake Christopher,"31388 Hill Trail Apt. 145
North Paulport, ME 19992"
North Dianeshire,"617 Martin Burg
Boydland, IN 63134"
Phillipsmouth,"65316 Morales Junction Apt. 524
Kaufmanfurt, DC 84154"
West Kevin,"83357 Victoria Creek
Rodgersland, CO 88773"
Brianhaven,"758 Carrie Cove
Randallstad, IL 97793"
South Jacob,"24351 Elizabeth Island
New Nicolefort, VI 63317"
South Carolyn,"855 Patrick Mission Suite 799
Holdenfort, NV 48628"
Kellymouth,"67822 Kendra Causeway Suite 155
Williamsbury, AR 98776"
Smithmouth,"773 Berger Ford
Juarezborough, PW 52149"
West Tiffanyfurt,"791 Tonya Plain
Port Ronnie, OK 64717"
East Jennifer,"2833 Wells Well Apt. 576
Lake John, MT 92559"
Kennethberg,"Unit 8512 Box 4174
DPO AE 29926"
Lake Richard,"959 Fletcher Mall
Curtisberg, AR 11293"
Jonathanchester,"5168 Gonzalez Drive Apt. 053
Lake Sydney, TN 61128"
East Susan,"883 Cox Extension Apt. 719
Hessberg, WY 46732"
Davidville,"25045 Green Ville
South Tracy, SD 42823"
North Edward,"9457 Burgess Ridge
Lake Adam, WV 75233"
New Brittany,"83202 Anna Brook
Port Derekville, AK 72130"
Charlesville,"USS Gibson
FPO AA 66351"
Espinozaton,"855 Gonzales Square
Port Rachelside, AS 32868"
West Anaton,"5800 Kristen Burg Suite 112
New Vanessachester, MT 57818"
New Felicia,"12671 David Common Suite 110
New Alexandrachester, FL 45264"
Powelltown,"Unit 8480 Box 3273
DPO AE 68735"
West Maurice,"5924 Larsen Gateway Apt. 726
West Jesse, WY 28073"
West Charleston,"39832 Schultz Mills
Tammyfurt, MO 42367"
Lake Aliciashire,"210 Daniel Square
North Melissa, TX 73953"
Port Robert,"4930 David Knoll
Laurieview, AR 73871"
Lake Feliciaview,"6854 King Mountain
East Thomas, UT 19746"
Johnmouth,"61151 Durham Ports Suite 128
Smithside, FM 65673"
Kristenport,"139 Jackson Unions Apt. 000
Port Matthew, TX 68569"
New Meganfurt,"20714 Harding Shore
Raymondfort, MS 31137"
South Dannystad,"58535 Hood Well Suite 511
South Joseph, NJ 64951"
Lewisview,"001 Kevin Manors Suite 118
Danielport, NJ 53640"
Gloriafurt,"070 Young Brook Suite 498
New Darrenburgh, IL 86075"
Dunnburgh,"846 James Heights
Davidchester, ID 93613"
Mcneilview,"54530 Warner Vista
East Patricia, VT 46665"
Lake Rhondachester,"050 Amanda Trail
West Paul, MS 96850"
Lake Ashleymouth,"3770 David Spring Suite 100
Perezfurt, MS 76565"
Brendaside,"614 Vaughan Drive Apt. 367
Hallhaven, WA 08985"
East Brandonshire,"2947 Christensen Motorway Apt. 894
Washingtonville, DC 14887"
Kelseyside,"99987 Austin Court Apt. 816
North Richardchester, MT 86640"
East Patricia,"USNV Jones
FPO AP 46785"
West Joelborough,"51108 Turner Junctions Apt. 267
Gilbertfurt, FM 16988"
Troyburgh,"7045 Stephen Course
Dixonmouth, RI 47293"
Bruceport,"64452 Miller Pike
North Stephenbury, NH 42592"
South Ericburgh,"PSC 1283, Box 5391
APO AP 08366"
Hernandezmouth,"2113 Janet Fork
Allisonhaven, IN 13516"
Tanyaville,"0423 Richard Ranch
North Louisborough, SD 19202"
Lauraton,"667 Carolyn Corner Apt. 564
Lake Nancyberg, UT 13093"
Davidshire,"597 Kyle Falls Suite 195
East Christopherview, KS 10831"
Anthonyfort,"975 Marcus Lane Apt. 891
East Michael, MD 77413"
Lake Amandaberg,"5659 Munoz Ports Apt. 049
Lake Nicole, MS 50621"
East Ashley,"521 Jason Ford
East Jillton, VA 76359"
Erinhaven,"946 Austin Club Suite 629
Port William, GU 59827"
Amandaton,"036 Kristina Brook
New Jessestad, AS 06471"
Alexandraton,"019 Sandra Vista Apt. 183
Port Stephen, ND 19632"
Scottbury,"703 Christopher Stream
Lake Suzanne, PW 15389"
Lake Melanie,"PSC 4744, Box 5850
APO AP 27326"
Michaelview,"40155 Christensen Park
Lake Megan, MN 68049"
East Kimberlyport,"2123 Jennifer Neck
South Edward, GA 06189"
New April,"09767 Moore Parkways Apt. 446
Tracymouth, AL 56277"
Lorifurt,"9538 Long Row
Travisland, PA 64461"
Loweville,"20932 Laura Meadow Apt. 889
Toddmouth, MP 37293"
Keithfort,"2505 Wendy Ramp
New Kristintown, OK 34411"
North James,"79486 Walker Loaf Suite 172
South Matthew, MP 60424"
Carterborough,"08663 Nguyen Oval
Debratown, TN 88112"
South James,"2726 Joyce Gateway
Port Janet, DE 26148"
Garzamouth,"46157 Delacruz Field
Lake Sherrichester, IN 52082"
Henrymouth,"068 Jeffrey Pass Apt. 575
Lake Davidport, KS 94265"
Ernestberg,"72740 Melissa Cliffs Apt. 537
East Stanleymouth, AK 83351"
Taylorstad,"5501 Stanley Passage Apt. 943
West Shawn, GA 78327"
Whiteview,"USCGC Klein
FPO AP 56184"
New Edward,"0879 John Ridge
East Craigmouth, OR 19681"
Morrisonview,"74290 Baird Spring Suite 457
Thomaschester, MT 59660"
New Walter,"895 Raymond Row
North Brian, NH 46544"
West Michael,"4181 Higgins Drive Suite 846
Kathrynchester, IN 09362"
East Susan,"997 Anthony Walk
Douglasshire, VI 47882"
Michellefort,"5429 Megan Stream Apt. 254
Port Kayleeville, ME 89853"
West Alejandrahaven,"495 Lara Branch
Lake Donaldfort, TX 21112"
East Ericland,"8988 Joseph Skyway Suite 012
Jenniferview, SC 83083"
North Jessica,"4858 Alexander Station
West Devin, AK 21918"
Sabrinatown,"189 Ryan Pine
North Daniel, HI 45159"
Gonzalezview,"5362 Tracy Expressway
Floreschester, NM 76689"
Dawsonmouth,"Unit 0009 Box 8489
DPO AP 81964"
Lozanochester,"44631 Carrie Landing Apt. 103
South Anthonyborough, SD 43908"
East Taylor,"Unit 6221 Box 0938
DPO AP 01942"
West Karenmouth,"958 Barnett Ways
New Edward, ND 73862"
Coreyport,"1350 Colleen Meadow
Carpentershire, WY 53972"
Ritterton,"356 Nicole Trail Apt. 019
West Dawnstad, MN 49458"
Lake Peggymouth,"3807 Gavin Pines
Amyland, AZ 75315"
Lake Jenniferville,"70600 Becker Row
South Joyceville, GU 21881"
Christopherview,"2755 Lewis Drives
East Coltonview, AR 46840"
Nicholasberg,"PSC 9358, Box 5768
APO AE 45539"
Lake Holly,"74512 Gabrielle Roads Apt. 613
Lake Sharon, MP 17902"
East Jessica,"49844 Paula Overpass
Bettyview, OK 30948"
New Robert,"7298 Kellie Isle
Darrylhaven, NM 56614"
West Linda,"4855 Jesus Views Apt. 778
South Amyville, MA 66322"
New Edwardborough,"242 Tiffany Mountain Suite 384
Rogersport, IN 13390"
Morganfurt,"9964 Green Mountains Suite 300
Thomasberg, TN 28349"
Richardsstad,"857 Anderson Curve
New Brandonchester, LA 62065"
Robertfurt,"8142 Nathan Fork
Westland, FL 67653"
Nancyberg,"855 Hernandez Centers Suite 230
Port Alexandria, AK 41424"
New Michaelshire,"Unit 3759 Box 3196
DPO AP 83603"
North Robert,"054 Brian Alley Apt. 251
Margaretport, KY 06741"
Jonesborough,"9389 Miller Inlet Apt. 750
Heathershire, HI 86710"
Richardside,"72451 Michael Junctions
New Travis, FM 41135"
Angelaville,"9870 Gallegos Walks
Romerobury, CT 74394"
Port Ronnie,"864 Tran Landing Apt. 181
Deanhaven, ME 71744"
South Curtis,"359 Philip Gardens
Clarkshire, OR 23745"
West Cynthia,"55754 Charles Orchard
Zavalaborough, HI 65623"
Hardyview,"408 Alexander Mall Apt. 344
New Janice, HI 24629"
Cuevasview,"14027 Tina Trafficway
Lake Paulland, VA 24467"
South Vanessa,"88184 Anthony Points
Matthewshire, MH 56732"
Margaretstad,"834 Walker Views
Brooksstad, MO 53816"
Holmesville,"245 Crystal Manor Suite 120
Port Damonchester, VI 66429"
Lake David,"7596 Betty Mall
Thompsonfort, PW 52369"
South Alex,"9786 Emily Dam
West Matthewborough, DC 86984"
North Tammy,"26848 Tamara Path
East Mary, MN 86065"
South Emily,"395 Adams Lock
East Zacharyside, TN 20239"
West Mariamouth,"737 Heather Radial Suite 009
East Jacqueline, WI 78052"
Bradleyside,"519 Keith Underpass Apt. 533
West Benjaminville, GU 53409"
Port Crystal,"8047 Carmen Forest
South Brandon, ME 75190"
Port Carolynstad,"PSC 3280, Box 6741
APO AP 08365"
Port Desireeview,"9227 Burch Vista
Jamieberg, NE 11522"
Tammyhaven,"6112 Mason Trafficway
South Alexis, MS 97357"
Baileyfort,"2994 Holmes Neck Suite 168
West Scottmouth, PA 62887"
Davisburgh,"Unit 3301 Box 5198
DPO AE 74497"
East Whitneymouth,"2510 Ryan Square Apt. 222
Meghanfort, MP 09196"
Port Cathytown,"88049 Christopher Pines Suite 440
Sonyaton, NV 30219"
East Johnnyport,"3418 Marissa Manor
East Scott, DC 93677"
Porterhaven,"85737 Holly Parkway
New Gregoryburgh, AR 05559"
Saundersshire,"77080 Shepherd Stream
Hamptonside, TN 50144"
Melanieville,"14212 Julia Key
West Jennamouth, MA 17028"
Nguyenside,"398 Abigail Lodge
Johnsonburgh, ME 05119"
South Dawnshire,"3011 Baker Pike Suite 741
Christyport, GU 87708"
East Bethany,"3026 Harrell Way Apt. 484
Sarahburgh, WA 33886"
Rachelberg,"USNV Brown
FPO AP 64884"
Port Brendaville,"0235 Jenkins Square Suite 269
Johnfort, DC 47232"
Espinozamouth,"56550 Lisa Ports Suite 479
Angelaport, MN 54474"
Knappside,"USNS Reyes
FPO AA 58869"
North Juliechester,"553 Alan Lane
East Tara, NM 46562"
Goodmantown,"61813 White Lane Apt. 839
Bishopmouth, DC 55179"
Chelsealand,"568 Hernandez Brooks
New Sarahstad, MN 83163"
Lake Denise,"6893 Chris Track Suite 092
Ashleychester, NY 57966"
East Melissa,"31942 Sanders Orchard Suite 189
West Brianna, PA 41074"
East Michael,"425 Mays Station
North Ashlee, IA 45607"
New Juanchester,"0007 Brown Lock Apt. 406
South Teresashire, LA 94017"
East Michael,"8782 Sullivan Dam Apt. 943
East Patricia, ME 37737"
Rebeccaburgh,"576 John Bypass
Duarteton, HI 88884"
Lake Erica,"549 Andrew Ranch
Lake Sharonside, FL 97669"
Haydenmouth,"1542 Cynthia Plaza
South Melissa, ME 06703"
North Kimchester,"15677 Jones Ferry
Amandahaven, WV 09713"
Port Marc,"1760 Molina Field
Robertberg, NC 60263"
Dianatown,"37689 Jessica Expressway
Lake David, SC 01273"
South Phillip,"92220 Shea Centers
South Rebecca, TX 70534"
Kellymouth,"330 Yvonne Track Apt. 297
North Eileenstad, MN 25726"
West Thomasview,"1259 Paula Locks Apt. 849
Port Juan, HI 34998"
Suttonport,"155 Thomas Meadow
Jenkinsland, IA 87187"
West Loritown,"36639 Mclaughlin Islands Suite 426
Kellychester, CA 43242"
West Daniel,"4120 Katherine Crescent
Lake William, AK 81466"
Osbornburgh,"0642 Anderson Mountains
West Robertmouth, MS 98135"
Port Adamton,"Unit 3412 Box 7178
DPO AA 45475"
South Ashley,"91349 Lisa Mountains Suite 140
East Biancaton, FL 08449"
Jacksonview,"8389 Crystal Hill
South Lisatown, WY 05239"
Port Jennifer,"148 Riley Groves Apt. 203
Port Samantha, MN 68592"
North Cliffordhaven,"18880 Julie Plain
North Elizabeth, NC 24601"
Stevenshire,"0878 James Mall
Larsenview, NV 80614"
East Anthony,"1597 Woods Ways
Farmerborough, IA 38517"
Taraborough,"77112 Taylor Fords Apt. 840
Warrenside, IA 48757"
Taylorview,"445 Gonzalez Freeway Suite 502
East Adrian, SC 57599"
Bauerside,"197 Jefferson Lock
North Cristina, CO 68989"
West Jenniferfort,"Unit 3100 Box 0324
DPO AE 91872"
Davidshire,"779 Richard Course
Lake Reginaldfurt, MP 60205"
Owensborough,"3334 Katherine Centers
Christopherberg, WY 61400"
Richardsonfort,"5530 Michael Street
Duranburgh, DE 24559"
Matthewfort,"534 Barr Haven
South Meghanbury, IA 68884"
Craigbury,"2565 Thomas Corners Apt. 783
Joshuabury, IN 64168"
New Kerry,"9142 Green Branch
Lisaton, FL 54341"
East Moniqueport,"0427 Washington Spurs Apt. 999
Ingramfort, CT 21948"
North Johnland,"053 Dodson Islands Apt. 141
South Brandonbury, GA 72267"
Kennethport,"92230 Sandra Inlet
Williamsberg, GA 34385"
Peterfurt,"163 Knox Trail
Jamesmouth, FM 47941"
Taylorshire,"1844 Jeffrey Spur
Natashafort, NE 00762"
Seanberg,"78010 Jones Trace
East Miguel, WI 02406"
Kristyhaven,"Unit 4628 Box 9001
DPO AP 52313"
Thomasside,"3968 Isabel Cliffs Suite 540
East Marystad, FL 39643"
North Hannah,"2492 Hayes Pines Apt. 448
East Meganview, FM 87500"
Leeborough,"08619 Joshua Cliffs Apt. 825
South Melodyside, MN 19476"
North Amy,"09182 Kevin Summit
East Isabel, FL 50000"
Ellisside,"9742 Alexander Stravenue Apt. 591
North Katiehaven, CT 47925"
New Jesse,"815 Jorge Way
Robertmouth, HI 51935"
North Jenniferchester,"662 Schmidt Meadows
South Briannahaven, GU 71709"
New Erica,"408 Austin Ridges
Rogerchester, PR 37631"
West Timothychester,"730 Johnson Mount
North Arthurmouth, NM 59271"
North Victor,"68009 Chen Island
West Michaelberg, SC 80510"
Steveshire,"4348 Olivia Keys Suite 577
Lake Annefort, AR 15919"
New Jason,"777 Kristen Rest
Port Jameshaven, AK 96238"
Juarezburgh,"7120 Jonathan Junction Suite 796
North David, UT 96339"
Jacksonmouth,"605 Martin Avenue
Desireeside, NM 42178"
South Robert,"USNS Gutierrez
FPO AP 18376"
Kellyside,"Unit 0215 Box 0156
DPO AA 63041"
Jasonborough,"95804 Brianna Divide Apt. 047
Brownfurt, RI 15160"
Port Stephanie,"423 Rhonda Lock
West Theresaland, PA 60943"
Millerborough,"6529 Robert Park
Aaronland, IA 83954"
East Jamesstad,"26898 Ricky Extensions
North Craigview, MN 81452"
Theresaside,"406 Amber Views
North Robert, MI 27253"
Port John,"7569 David Islands
Lake Davidland, AZ 09541"
East Trevorstad,"77641 Michael Crossing
Adamsbury, CT 96068"
North Raymondfurt,"094 Angela Square
Coxchester, SC 91901"
Suzanneberg,"08901 Sandra Path
North Loriville, OR 08902"
North Margaretborough,"PSC 1652, Box 7004
APO AA 03383"
Zimmermanburgh,"908 Young Path
Jasonchester, CA 28656"
Aliciaborough,"8149 Rodriguez Hill
East Davidside, NV 82418"
Pruittberg,"352 Daniel Parkway
Port Matthew, MO 26220"
Vegamouth,"028 William Hollow
Carterburgh, PW 43884"
Suttonbury,"516 Wendy Groves Suite 437
West Douglasmouth, VA 14932"
Lake Jessefurt,"1487 Solis Springs
Pollardview, SD 27328"
Jessicaview,"3270 Steven Greens Suite 603
Susanville, NH 90369"
Barbarashire,"58378 Rodriguez Hollow
West Bethview, CO 92335"
New Nancyhaven,"015 Ashley Mews Apt. 253
Martinside, ID 07596"
East Vanessabury,"9274 Gregory Squares Apt. 790
Port Troy, DC 48970"
Millsside,"60936 Alexander Trail
Lake Tonyaville, OH 32742"
Jensenstad,"150 Ellis Haven
West Theresaville, DE 10785"
Simonburgh,"3200 Glen Groves
Rebekahland, HI 53729"
West Brianchester,"631 George Views
Michaelton, TN 34893"
Jessicabury,"Unit 5550 Box 1472
DPO AE 52774"
Port Ashley,"PSC 7676, Box 6825
APO AE 66604"
Zacharyhaven,"488 Wood Curve
East Joshua, PA 94333"
West Kelsey,"20216 Bautista Cape Suite 942
Caseyside, IN 11115"
Jeffreyton,"21890 Crystal Isle Suite 876
South Kylemouth, MO 90716"
South Adamfurt,"411 Carter Locks
Matthewport, IA 16384"
Lake Chrisshire,"USNV Roberts
FPO AE 58364"
West Tylermouth,"PSC 2378, Box 1861
APO AP 65390"
Kyleton,"741 Michael Parkway
West Maryberg, PW 42735"
West Gail,"556 Justin Station
Mathewberg, KY 06508"
West Kevinberg,"705 English Rapid
Bellberg, IL 09763"
New Rachelchester,"359 Wallace Mills Apt. 822
Olsontown, KS 28080"
Johnsonbury,"8173 Black Hill Apt. 726
Cynthiaville, NE 51450"
Campbellhaven,"9879 Smith Circles
South Teresa, TX 72955"
Frankburgh,"817 William Burg
South Michael, AK 69924"
Lake Lisaland,"2047 Barbara Lakes Apt. 931
Richardview, TN 58321"
East Oliviashire,"8875 Keith Plaza Apt. 344
Christensenfort, NV 84190"
Lake Jacob,"9100 Cory Glen Apt. 015
Smithhaven, MT 99887"
Brianton,"18185 Sanders Shore Apt. 127
Port Valerieside, OR 60593"
West Alyssa,"4699 Collins Mill Suite 264
Michelletown, DE 50893"
South Kyle,"353 Williams Fork Apt. 323
Port Kimberly, MT 84076"
Youngfort,"90614 Kristen Flats
Patriciaburgh, SC 16263"
East Tammyhaven,"06007 Johnson Bypass Suite 978
Anthonyfurt, NM 29432"
Kristintown,"5987 Kevin Village
Hornehaven, OH 34088"
Bonnieside,"6888 Krueger Crossing
Mannington, FM 24679"
North Jamie,"5542 Stewart Circle Apt. 541
North Danaview, OH 16131"
Jordanmouth,"6630 Cassandra Turnpike Suite 531
Lake Maureen, GA 11676"
East Susan,"159 White Land
South Margaret, NV 55399"
Kathrynport,"8954 Debra Shoals
South Clayton, PW 33345"
West Lucasland,"Unit 4589 Box 7843
DPO AA 64398"
East Emily,"37223 Alvarado Islands Apt. 699
Velezview, MA 51867"
Terryland,"578 Kaitlin Fort Suite 298
Browntown, NH 59751"
Lake Lisa,"8835 Troy Lights Apt. 665
West Jennifer, SD 93401"
Jacquelineland,"771 Elliott Mill
Castillohaven, TN 61481"
Franciscomouth,"396 Lisa Plains Suite 465
West Daniel, DC 06933"
Loriburgh,"11668 Maxwell Square
Austinfort, MT 60496"
New Christopherhaven,"7441 Dana Road
New Carolyn, IN 47042"
Kristenchester,"87675 Gregory Burgs Apt. 923
Port Davidmouth, TX 04694"
Douglasport,"649 Amy Groves
Scotthaven, IA 12902"
Lunaberg,"793 Nixon Way
Davidsonport, ND 49955"
Sethtown,"845 Jonathan Crossing
Natashafurt, FM 60864"
South Shawn,"549 Lisa Circle
Kaufmanburgh, NC 83811"
South Leah,"34965 Marcus Radial Apt. 575
Lake Melissa, LA 36143"
Brianburgh,"042 Kristen Orchard Apt. 548
Micheleport, IL 23213"
Mendezbury,"82359 Michael Park
New Troy, MI 86430"
Rogerschester,"7017 Merritt Divide
Amymouth, UT 89497"
Jessicashire,"84347 Delgado Summit
Scotthaven, AR 04684"
Lake Jill,"820 Logan Port
New Justinchester, MO 09760"
New Eric,"383 Carly Branch
Richardfort, UT 96511"
North Amy,"88200 Brian Junction Apt. 900
Francoberg, KS 59968"
Malloryview,"54791 Ryan Pines
Schmittland, FL 01801"
Johnstonchester,"45960 Hurley Camp Suite 210
West Janet, NY 74993"
South Sabrina,"190 James Stream Apt. 248
Lake Anntown, MD 19750"
Bentonfurt,"866 Nguyen Points
New Andrewville, IL 10790"
Tylerfort,"PSC 7977, Box 3793
APO AA 77108"
Johnview,"72216 Victoria River
South Robert, AZ 92288"
Hudsonstad,"6956 Patricia Circles Suite 980
Lake Brentview, NC 48985"
North Amberburgh,"441 Katelyn Parkway
West Taylorville, PR 17088"
West Jennaside,"022 Benjamin Lock
Richardsberg, IN 22898"
Lake Josebury,"168 Harrison Spur
West Christopher, NE 57513"
West Christopherland,"435 Joshua Radial Apt. 497
Hughesview, PR 36747"
West Christopherstad,"9607 Bonnie Branch
Jessicafurt, NV 16471"
Copelandton,"8448 Tran Passage
Ochoachester, OR 38179"
Mendozafort,"7677 Vasquez Fall Suite 011
South Wayneberg, PA 22799"
South Angelaport,"Unit 7301 Box 8320
DPO AP 57608"
West Alyssaland,"62419 Cardenas Plaza
Schmittview, NH 71670"
Tanyaview,"34939 John Estate
South Ryanside, DE 57525"
Kimberlyhaven,"654 Young Track Apt. 672
Port Maryfort, AL 56265"
Lake Robert,"USS Smith
FPO AE 54330"
Kellyborough,"38707 Matthew Terrace Apt. 110
Port Ashley, AR 45089"
Butlerborough,"124 David Mountain
Justinstad, ID 62501"
Mendezchester,"PSC 4656, Box 5183
APO AE 96049"
Jamesshire,"3081 Rhodes Plains Apt. 087
New Jacob, MT 66286"
Alexisfort,"3035 Daniel Wall Apt. 277
Billyside, NC 24120"
Port Wandaland,"447 Eric Cliffs Suite 596
Grayton, CA 34535"
South Robert,"8766 Schmidt Wall
New Adam, PA 21056"
East Brandon,"58112 Carter Locks
East Denniston, ID 81171"
North Markhaven,"046 Maria Run Suite 189
West Sarah, ME 04582"
South Valerie,"6105 Heather Radial
Courtneyland, PA 89022"
Port Pamelaview,"USNV Diaz
FPO AE 07787"
Kristenfurt,"15411 Woods Wells Apt. 142
Jasonmouth, NV 77396"
West Jessicaview,"9064 Liu Springs
Meghanport, WY 24226"
Lake Josephborough,"2918 Kline Tunnel Suite 806
Edwardsside, TN 27995"
Sarahfort,"75387 Cody Street
Kristinfurt, MI 39208"
Hardintown,"70114 Melissa Shoal Suite 396
Port Tammyland, PA 68371"
Ellisonview,"893 Myers Squares
Port Samanthastad, HI 08481"
West Dennis,"8701 Rice Views
West Patricia, TN 82184"
West Gregory,"4927 Kirk Mountains
Lindseymouth, FM 00782"
North Mariahborough,"7111 Luis Unions Apt. 758
North Kimberlytown, NM 51995"
Scottport,"PSC 4668, Box 7603
APO AA 40215"
South Susanchester,"88799 Porter Ports
Port Latashachester, OR 64321"
Wayneburgh,"61453 Cherry Dale
Kathryntown, ME 75192"
Murphymouth,"2105 Hickman Harbor Apt. 690
Jasminechester, FM 61116"
Cindyview,"0192 Victoria Common
Port Chrisside, MN 23887"
Michaeltown,"26668 Caroline Harbors Suite 382
Karenshire, NH 39965"
West Melissaside,"USS Edwards
FPO AP 48317"
South Samuelchester,"08508 Lang Forest
Port Kenneth, IA 43900"
Josechester,"4691 Perez Extensions Suite 806
Taylorshire, NH 41195"
South Ryan,"9962 Sean Extension
Antonioberg, TX 19900"
South Clintonburgh,"168 Barton Hollow Apt. 350
Aaronberg, ME 92262"
East Michaelstad,"111 Miguel Junction
Lake Sharon, NM 37782"
West Terry,"61738 Davidson Corner Apt. 933
Vanessahaven, FL 83565"
Jimmystad,"3344 Thomas Knolls
East Michael, NY 91835"
Lake Maryshire,"USCGC Payne
FPO AE 15070"
New Tiffanyshire,"77307 Brent Plaza Apt. 324
Derrickstad, GU 77923"
Drewville,"6110 Gray Plains
South Brent, IL 08220"
West Rachel,"6153 Sutton Knolls
Lynchton, MD 85256"
Gallegosville,"Unit 8301 Box 2451
DPO AE 23587"
Mackberg,"5555 Kathryn Green Apt. 171
Thomasland, NY 10054"
New Francisco,"947 Kim Spring Suite 823
Michaelchester, ND 47094"
Ramosport,"86512 Levine Ford
East Patrickland, IA 43934"
Huntstad,"8483 Ayala Common
North Tammy, KS 58614"
Foxview,"71956 Bailey Ports
Greenton, IN 15381"
South Kendraton,"496 Quinn Gardens Apt. 678
Brandonberg, IA 15230"
East Amandaberg,"059 Bauer Highway Apt. 630
Harrellton, CA 91053"
Port Kevin,"103 Fritz Highway
Port Danielfort, GU 59516"
Port Amandashire,"49176 Jason Walk
North Dennis, VI 77383"
North Leahburgh,"5274 Carl Overpass Suite 505
Lake Gregoryland, MS 26299"
Christopherborough,"3860 Theresa Alley Apt. 783
West Deborahfort, TX 10748"
Matthewchester,"98913 Cindy Streets Suite 847
New Jennifer, CA 95537"
West Kevinhaven,"3171 Erica Centers Apt. 050
Cantrellmouth, AK 46674"
Cooperport,"0550 Brooke Mill
North Robert, MS 65950"
Matthewsmouth,"214 Price Union Suite 606
New Joshua, CA 47120"
Nelsonhaven,"6105 Eric Wells
Nicoleborough, MD 25156"
North James,"USCGC Williams
FPO AA 80165"
North Lisa,"Unit 4833 Box 4341
DPO AE 10624"
East Kennethmouth,"44044 Krista Streets
South Joannemouth, OH 07085"
Isabelville,"614 Nina Parkway Apt. 930
Josephfort, CO 79417"
North Sharon,"623 Webb Way Apt. 862
North Renee, MH 17095"
Christianchester,"3119 Scott Trace
South Elizabethtown, ID 71230"
Sarahbury,"5067 Robert Path
Codyport, IL 31738"
West Stephenburgh,"7808 Warren Road Suite 519
Williamstown, IA 91945"
South Traciside,"480 Steven Wells
Fernandezstad, CT 35570"
Lake Sara,"43555 Thomas Mall Apt. 635
West Kathrynmouth, NV 75861"
Paulfort,"907 Emily Squares Apt. 124
Port Robertport, DE 76856"
Whiteborough,"12008 Mathews Lodge Suite 444
Jacobsshire, GU 90182"
South Jerry,"5009 Samantha Keys
Herringmouth, FM 26843"
Wilsonhaven,"09505 Kara Tunnel
Robertton, WI 73513"
Sabrinaview,"95078 Laura Shoals Suite 016
Moralesmouth, OH 65815"
Wilsonport,"6127 Jarvis Rue Apt. 021
Mirandaton, UT 29275"
South Logan,"59328 Robert Highway Apt. 882
Port Timothy, MI 52279"
Amberborough,"614 Heather Pass Apt. 763
New Dennismouth, SC 34013"
Port Anntown,"54659 Russell Stravenue Apt. 321
Port Dale, FM 42372"
West Coltonfurt,"9924 William Plains
Wrightfurt, IA 84030"
East Morgan,"666 Wood Plain Suite 604
New Katherinemouth, OH 41171"
Lake Kellie,"162 Michael Circle
Bradshawmouth, MT 27278"
Heatherfort,"642 Collins Cliff
West Christopher, ND 04588"
Lake Richard,"19462 Christopher Valley Suite 990
East Laurashire, MS 26593"
East Patrickhaven,"2615 Michelle River
Taylorside, MH 46869"
New Nicoleborough,"92465 Francis Roads Suite 689
North Jameschester, MD 78970"
Jeremyshire,"28077 Charles Port Suite 830
Wrightside, MT 85623"
West Kelsey,"791 Ryan Land
Pettyburgh, VA 98160"
Alyssaville,"161 Michelle Square Apt. 521
Strongborough, ME 52327"
South Kayleehaven,"793 Ramirez Burg Suite 431
Gracetown, VI 68246"
Danieltown,"4250 Robert Mill Apt. 761
Matthewborough, GU 48300"
Campbellfort,"643 Victoria Dale Apt. 301
Shawnmouth, SD 28689"
Debbiemouth,"78003 Michael Lake
North Stephanie, ND 77773"
South Sarah,"52432 Adriana Prairie
Bowmanview, WV 12658"
West Josefurt,"487 Carla Walk Suite 957
South Carla, WV 93848"
South Jaime,"42057 Edwards Manors
South Ericaburgh, RI 41643"
Port Amberchester,"88693 Adriana Manors
Aprilshire, MT 45707"
New John,"2228 Hall Dale Suite 732
North Masonbury, TX 87474"
Matthewshaven,"71056 Kelly Run Apt. 317
Jackberg, OK 66602"
East Stephenmouth,"51643 Kelly Field
Moyerland, VA 98383"
East Jessicamouth,"1481 Palmer Ridges Apt. 807
Bryantstad, UT 49504"
Port Megan,"6093 Williams Plains Apt. 761
Lake Jamesview, LA 35373"
West Brucechester,"18650 Shelly Freeway Apt. 606
Rayburgh, GU 29141"
Fosterburgh,"304 Rangel Park
Turnerton, MH 21243"
Williamsmouth,"4756 Scott Spurs
East Lindsay, AZ 49349"
West Christinechester,"439 Lisa Cape
East Danielmouth, KY 20465"
Lucasfort,"43777 Amber Center
Burnettburgh, MN 91721"
Woodsborough,"38035 Torres Club Apt. 954
North Maryborough, MT 13059"
Singletonfurt,"676 Jodi Garden Apt. 826
Onealborough, AK 75020"
East Michaelchester,"909 Sharon Vista Suite 811
East Jermainefort, VT 85796"
Amandaside,"Unit 6881 Box 2192
DPO AP 41909"
South Caseyland,"75406 Rita Trace Apt. 036
Port Kevinport, CT 91218"
Debraborough,"83011 Robert Expressway Apt. 695
Hectorport, ME 73799"
Meyerhaven,"Unit 7343 Box 8390
DPO AE 48532"
Valerieview,"1914 Yates Wells Apt. 361
Frankville, OR 48596"
Danielfurt,"040 Hart Mill Apt. 395
East Charlesborough, NH 74941"
West Markfurt,"952 Murphy Ford
Dylanhaven, AR 99391"
Amandashire,"062 Alvarez Port Suite 054
Lake Gary, AK 07357"
Port Daniel,"8039 Sonya Lodge Suite 689
North Cassandra, MN 03906"
East Jennifer,"PSC 6522, Box 0737
APO AP 81558"
Smithfurt,"35750 Padilla Divide Apt. 835
Nicoleton, TN 78632"
Youngview,"067 Perez Avenue
West Jillianmouth, MH 14284"
Port Jennifer,"6576 Baldwin Wells Suite 331
Walterchester, GA 25369"
Jamesmouth,"26938 Monroe Summit
Marshallhaven, ND 33006"
Lake Christianchester,"677 Jeffrey Crest
New John, MH 23946"
Timside,"996 John Falls Apt. 083
Whiteland, MO 83013"
Mitchellfort,"45279 Russell Road Suite 538
Lake Christinefurt, WV 79400"
Catherineport,"18463 Timothy Fords
Port Kelly, WA 96528"
South William,"421 Jeffrey Circle
New Victoriashire, NM 30205"
Port Sean,"029 Curry Lake Suite 809
Gonzalezmouth, AS 92334"
West Karafort,"4043 Ramirez Meadow
North Latasha, IL 81613"
Lake Collin,"0675 Christopher Island
Marystad, UT 10209"
Perezfort,"USNV Hurst
FPO AA 33979"
Russellfort,"354 Scott Alley Suite 664
Myersmouth, FL 94849"
South Marymouth,"4481 Jones Street
Richardview, LA 54617"
Andrewsport,"71662 Bryan Lake
East Vanessaview, PR 78098"
Collierside,"93585 Joseph Bypass Apt. 264
West Sheilahaven, MP 28305"
Mendozaton,"1476 Hill Forest Apt. 641
Lake William, NM 81843"
Debraland,"133 Moore Way
East Kyleton, IL 02196"
North Christopherhaven,"0278 Berg Valley Apt. 360
West Christinetown, GA 83159"
New Lindseymouth,"17477 Johnson Forges
New Joanstad, FL 02092"
North Caroline,"407 Mays Ferry
Lake Jamieview, UT 08706"
Bellshire,"36067 Sanders Neck Suite 307
Castroshire, GA 13693"
South Debbie,"PSC 7460, Box 6284
APO AE 91352"
Thomasland,"54179 Rachel Bridge Suite 938
New Brendan, DC 47141"
Lake Lisa,"4888 Lucas Corner Suite 719
Coleshire, NC 43662"
West Robertside,"31102 Sanchez Roads Suite 579
South Cynthia, CO 34647"
New Michael,"065 Jeffrey Burgs
North Shannon, MI 21683"
West Brittanyburgh,"45235 Megan Point
South Steven, UT 37211"
Richardsborough,"75818 Patterson Ranch
New Cheyenneshire, AK 85015"
Brownfort,"04330 Rocha Plains Suite 233
East Rebecca, NY 39397"
Burkestad,"502 Ray Islands
Amandaport, DE 00862"
South David,"Unit 6156 Box 3760
DPO AP 67680"
Amandatown,"3186 Jackson Lodge
Carrollview, NV 61342"
Laurenton,"85006 Harvey Fort Suite 939
East Matthewland, NE 74282"
North Darren,"538 Summers Motorway Suite 721
Davidchester, HI 41069"
Harrisshire,"4201 Davis Harbor
Nguyentown, MN 40042"
Mistyview,"3939 Bob Grove
Shelbyfurt, KY 47870"
Michaelville,"283 Aaron Crossroad Apt. 091
Port Joshuamouth, MD 26820"
West Stephenchester,"70651 Angel Spur Suite 145
East Kevin, MA 41279"
North Henryview,"48746 Meyer Track Apt. 018
New Donna, AS 22341"
North Jack,"65684 Greene Keys
Jamesside, MO 57090"
East Richard,"0947 Claudia Points Apt. 522
Gibbsborough, HI 78028"
Fosterbury,"62722 Joshua Falls Suite 857
Emilystad, LA 62957"
Rodriguezburgh,"611 Patterson Points
Lake Alexandra, NE 91960"
Smithtown,"025 Butler Prairie
Lake Jennifer, WA 05356"
West Karen,"8241 Kidd Mountain Apt. 314
Woodport, UT 10059"
Colemanton,"USNV Welch
FPO AP 93485"
West Danielfurt,"85174 Nelson Walk
Greeneburgh, UT 91832"
New Codyfort,"16603 Sarah Lock Suite 034
East Melanie, NH 64500"
Karinamouth,"7318 Laura Prairie Suite 728
Port Tonystad, IN 01583"
Jasonburgh,"0356 Michele Brook
Lake Autumn, MP 73096"
East Charles,"3261 Hubbard Meadows Suite 043
West Rebecca, MN 98103"
Port Valerie,"3077 Carney Rapid Suite 888
New Anne, NE 00962"
Richardsside,"45062 Reese Camp
Port Bruceport, LA 88568"
Anaport,"1944 Blake Branch
Lake Cory, KS 64681"
East Brianland,"Unit 9235 Box 2226
DPO AE 26376"
West Vanessafort,"5702 Madeline Rapid
New Gregory, PA 31228"
South Travis,"926 Elizabeth Trail
Coopertown, WV 61352"
Lake Daniel,"170 Parks Ramp Apt. 229
Lynnshire, MD 34124"
Kellymouth,"5113 Williams Stravenue Apt. 887
East Alexatown, NV 50653"
Lake Tiffanyport,"468 Cantu Extension Apt. 175
Grimesstad, IN 20567"
Johnsonberg,"13828 Harris Crescent Suite 065
Martinezstad, FL 78073"
Lake Anthonyview,"Unit 7574 Box 6425
DPO AA 52765"
Leehaven,"09925 Steven Trace
Douglasbury, AS 34375"
Dylanport,"2951 Reynolds Cliffs
Vegaton, MN 18436"
South Ginafurt,"1956 David Views
Sullivanfort, AK 93455"
Gregoryville,"9674 Weber Walks Suite 796
Deborahbury, AR 09944"
East Elizabethland,"703 Debra Mission
New Jennifertown, AR 47380"
Kyleville,"349 Hughes Prairie
West Michelleberg, CA 73749"
Millerton,"4011 Green Rapids
Lake Paulmouth, AS 65160"
North Aaronbury,"72178 Jimenez Hills Apt. 989
West Calebland, DC 87595"
Nguyenburgh,"Unit 8572 Box 6118
DPO AP 14364"
South Carolyn,"PSC 3534, Box 6043
APO AP 54752"
East Kristineland,"547 Karen Expressway Apt. 420
Lake Sandy, CO 95529"
Victorfort,"66090 Jennifer Plaza
East Matthewtown, IL 67470"
Port Shannon,"89836 Andrew Plains Suite 875
West Deborah, CO 57012"
Charlesfort,"30538 Turner Centers
Brianborough, NM 65760"
Pamside,"3884 Richards Islands
New Colinstad, NE 78788"
Kaufmanchester,"3209 Chad Court Suite 228
Allenshire, MS 71244"
Jenniferhaven,"2797 Schneider Summit
Michelechester, SC 53244"
Amandashire,"27326 Elizabeth Tunnel Apt. 972
Port Tyrone, IN 89844"
East Christopher,"9633 Jeremy Wall Apt. 126
North Johnathanstad, OK 32896"
Lake Michaelland,"796 Ramsey Lights
New Bobby, WY 54125"
Johnshire,"395 Tracy Views
Andersonview, SC 22831"
West Jasonland,"9554 Gray Station
South Christopher, LA 50611"
Royton,"11143 Michelle Station Suite 717
Prestonberg, MN 82484"
Port Jeffreyton,"0579 Gwendolyn Route Apt. 113
Shannonborough, ME 92035"
Duncanton,"8635 Osborne Estate Apt. 884
Marialand, VT 51503"
Daughertymouth,"315 Anthony Burgs Suite 671
West Jillburgh, SC 06725"
Thomastown,"2744 Scott Haven
West Tracy, PR 75539"
Jessicashire,"19867 Jackson Estate
Thomasport, WI 89273"
Silvaside,"636 Roberts Corners
Port Ebonymouth, NM 65262"
Jeremyside,"943 Stacy Forest
East Monica, VI 41574"
Josetown,"176 Martin Pike Suite 426
Williamsburgh, MS 59522"
Floydfurt,"0757 Tammy Street
Samanthaport, MS 90423"
East Amy,"3351 Thomas Stravenue Suite 477
New Michael, IA 58501"
Fuentesborough,"17140 Robert Ramp Suite 227
North Maria, TX 93971"
West Isaacbury,"07204 Todd Isle
Tracistad, NC 51242"
Davidhaven,"079 Daniel Branch
Port Ricky, NC 37660"
Deniseville,"1783 Wendy Roads
East Jeffreyborough, WI 90028"
Padillachester,"13784 Steve Cliff Suite 660
East Ashley, IL 96666"
Richardburgh,"497 Brittany Square
Jessicabury, IL 16434"
Michaelburgh,"57677 Phillips Fords
East Julia, AS 63819"
East Stanley,"4869 Beck Crest Apt. 454
Jennifershire, UT 01651"
Vanessahaven,"79574 Martinez Place Apt. 949
Port Kristie, NY 85726"
Allenchester,"49606 Cummings Coves
Acevedoville, GU 25181"
Brianton,"367 Edward Pines Apt. 637
West Michaelchester, MP 29636"
Lake Erinland,"74836 Abigail View
Tinaberg, KY 98554"
New Jesse,"8289 Stuart Stream Apt. 475
Lake Jefferyfurt, TN 16535"
Stephanieland,"930 Sara Divide
Nicoleberg, MS 49686"
Port Michael,"46881 Lopez Bridge Suite 666
Timothytown, DC 22935"
West Eric,"PSC 5553, Box 8257
APO AE 01557"
Parkerburgh,"510 Ronald Forges
North Jonathanton, CO 43469"
Costahaven,"191 Tara Drive
Mooreshire, OK 93065"
Perezchester,"82977 Laurie Port
Glennshire, MI 28421"
Port Jenniferville,"2262 Steven Walks Suite 612
New Samuelhaven, MI 85941"
Port Sydney,"67050 Kevin Tunnel Apt. 050
Wilsonmouth, UT 31220"
West Douglas,"01000 Jeffrey Vista Suite 647
Cookberg, WY 42915"
East Kristintown,"5154 Sherry Ville
East Alexander, WI 98159"
New Raymondborough,"81189 Kayla Flats Apt. 090
Ruizmouth, MD 91784"
East Gregory,"PSC 1134, Box 3709
APO AE 30346"
Andreaberg,"163 Blake Underpass Suite 892
Briannaberg, PR 97973"
West Kenneth,"984 Bender Mills Suite 633
Brandonland, OR 46229"
Lake Robert,"9311 Manuel Shores
Pamelahaven, MP 67019"
Sullivanchester,"Unit 1315 Box 2249
DPO AE 63803"
Michaeltown,"0218 Robertson Walks Suite 457
East Clifford, DC 57725"
South Ryanfurt,"46314 Lisa Corners Suite 629
Edwardschester, GU 20382"
Taraview,"42017 Samantha Gardens Apt. 585
Michaeltown, NV 41001"
Raytown,"04009 Powell Streets Apt. 717
North Danielborough, CO 59968"
West Jacksonfort,"672 William Hill
Timothyberg, MP 69172"
Williambury,"161 Miller Fork Apt. 364
South Tiffanyborough, AK 60644"
Waltersport,"951 Caleb Fork Suite 551
Willismouth, FL 84775"
West Dorothy,"7014 Ball Inlet Suite 100
Nataliefurt, VI 52490"
South Williamstad,"1678 Spears Wall Apt. 913
East Patricia, PA 21045"
Scottland,"975 Harris Locks
South David, MN 88957"
Webbfurt,"178 Alexander Avenue Suite 240
Williamston, KY 05765"
Mariaton,"848 Sims Camp Apt. 117
Joshuachester, OK 62084"
North Andrew,"092 Lee Springs Apt. 608
Snyderville, RI 10336"
Ellischester,"USNV Glenn
FPO AE 69156"
Bakerside,"7250 Munoz Manors
Pierceview, HI 29459"
Port Patriciafurt,"478 Elizabeth Branch Apt. 746
North Kristi, NH 25441"
Williamsport,"1964 Tammy Street Suite 511
Wilsonfurt, CA 21377"
Williamsborough,"25295 Mcclain Passage
Port Desireeside, MA 54830"
North Christopher,"72364 Robin Circle Suite 029
Michaelside, CA 64313"
Baileyland,"364 Melanie Pass Apt. 778
Josetown, LA 14868"
Jonesstad,"98291 Heath Ramp Apt. 125
Meyersberg, GA 91639"
East Amandashire,"378 Parker Highway Apt. 758
Karenmouth, DE 30796"
Kyleport,"205 Wilkins Extension Suite 376
Arthurton, UT 17628"
Markstad,"962 Victor Street
Port Anthonyfurt, TN 06234"
East Kennethhaven,"2341 Andrew Plaza
Lindahaven, ND 86760"
Carlshire,"515 Vargas Square Suite 855
Joseview, MD 44151"
Priceside,"0728 Rice Union Apt. 371
East Emilyburgh, KS 33083"
Lake Jenniferbury,"Unit 4508 Box 1567
DPO AE 01685"
Jamesside,"054 Sandra Track
Masonchester, VA 15526"
Thomaschester,"Unit 5211 Box 2553
DPO AP 20850"
North Jeremiah,"Unit 3019 Box 5334
DPO AA 57026"
Jessicatown,"7919 Watkins River Apt. 078
Mossbury, ID 67106"
Nancyport,"Unit 7582 Box 6120
DPO AP 88085"
Johnsonmouth,"644 Kennedy Hollow Apt. 077
East Kelsey, GU 47915"
Maxwellmouth,"18502 Brandt Meadow Apt. 362
Bradshawburgh, HI 99904"
New Jadefurt,"721 Jackson Walk
South Davidport, KS 09204"
South Robertshire,"8660 Gabriel Flat
South Saramouth, MA 83773"
West Alexashire,"856 Wendy Mall
Wrightfurt, PR 95637"
New Elizabethburgh,"9453 Stewart Underpass Suite 632
Moorehaven, CT 91980"
East John,"419 Veronica Lodge
North Jayport, HI 31287"
Port Rhondaside,"USCGC Armstrong
FPO AA 41132"
South Danielle,"211 Megan Junction Suite 298
Mccannview, IL 91282"
Santiagobury,"1970 Victoria Curve
North Jamie, AK 79738"
East Ianmouth,"691 Christensen Point
Michaelborough, AL 64125"
North Melissa,"7264 Lewis Ranch Apt. 624
New Kristenberg, TX 58396"
Washingtonchester,"1233 Andrew Cape
Seanton, CT 42851"
Port Gary,"334 Brown Flat Apt. 443
North Jeffrey, NC 06648"
West Daniel,"9327 Jones Gardens
Fosterfort, FM 82118"
Veronicashire,"409 Cervantes Ranch
Vaughnhaven, NC 80358"
Jessicaborough,"37790 Cory Stream Apt. 755
South Garrett, GU 19346"
West Alison,"6674 Jackson Estate
Port Deborahside, MI 22457"
East Johnfort,"59556 Lori Unions
Port Michael, AS 71284"
Lindachester,"69791 Kelly Garden
Christineton, FL 14893"
West Kennethton,"4315 Melissa Fort Apt. 123
South Michaelshire, NM 55967"
South Kellyfort,"01173 Michael Fields
North Sierraborough, SC 20035"
Katherinehaven,"786 Alison Mount Apt. 110
Stephanieburgh, AR 01426"
West Kelly,"7891 Nicholas Mountain Suite 204
Davisstad, NY 30682"
Thompsonland,"8438 Dennis Forges
North Patrickmouth, AS 06029"
Harrellmouth,"55191 Guzman Stream
Espinozaport, WA 24136"
New Nicole,"2981 Graves Field Apt. 283
Clarkside, CA 57263"
Norristown,"82539 May Crescent
West Christianside, MO 47646"
Port Kara,"7503 Estes Summit Suite 423
Lake Savannahborough, VA 69303"
Lake Devinville,"13406 Thomas Orchard
New Jimmymouth, MI 59795"
Brucefort,"0826 Stephanie Valley Apt. 216
Lake Jefferychester, IN 76428"
New Jenniferport,"274 Stephenson Views Suite 144
Bakermouth, SD 92236"
Nicoleshire,"6874 Joseph Cliffs
Williamsmouth, FL 70046"
Campbellfort,"8450 Phillips Rue
New Taylor, OK 61076"
West Matthewfort,"74268 Andrea Points Apt. 324
East Charles, AL 10283"
Lake Kaylafort,"Unit 4383 Box 7103
DPO AE 84482"
South Karen,"5180 James Trail Apt. 747
West Karenville, AK 98762"
Chanton,"01797 Ashley Neck
Englishberg, WA 98909"
Hughesberg,"497 Jill Forest
Raymondport, CO 34229"
South Phillip,"8178 Victor Shore
Lake Tracy, NJ 97911"
Justintown,"86646 Collins Route
Pearsonbury, CT 66565"
Bettyfurt,"61927 Joseph Run
South Lanceborough, MP 56403"
Keithview,"623 Carrie Stravenue
Arnoldview, OH 38132"
Domingueztown,"83140 Jones Skyway Suite 965
Prestonfort, DE 20639"
Haleyview,"5639 Michelle Crossroad
Jenkinsmouth, NV 29709"
South Brianna,"16305 Kenneth Glens Apt. 634
Brendatown, NY 45511"
South Donna,"784 Kelsey Creek
Kristinamouth, NJ 34435"
Joshuaport,"1141 Todd Harbors
Andrewsstad, WV 17659"
Careyberg,"50606 Lisa Knolls
Lake Richard, VI 67628"
Hollyberg,"2135 Wall Oval Suite 876
Port Ashleytown, MS 15310"
East David,"011 Zimmerman Bridge
Port Ryanmouth, HI 79298"
Lake Nancy,"76380 Lopez Unions
Austinside, WV 77252"
Thomasfort,"4584 Johnny Cove
Williamsside, AK 83752"
Bryanfurt,"32765 Jones Points
South Brianton, FM 12824"
South Laurafurt,"1141 Griffin Parkway Suite 292
Raymondfort, VT 19750"
Lake Brian,"4188 Smith Falls Suite 830
South Tina, WI 20589"
Andersonberg,"265 Samuel Isle
South Stephanieport, NV 73921"
Millerport,"577 Blake Ports
Smithhaven, PR 13291"
West Diane,"604 Dixon Mill Apt. 356
East Christopher, KY 49911"
Lake Christopher,"6520 Jason Cliffs Apt. 100
North Wendy, WY 52432"
Port Steven,"33085 Amanda Key
South David, CT 94190"
New Robin,"8409 Hernandez Green Apt. 503
Lake Cody, NY 89461"
Morganville,"777 Johnson Vista
Michelletown, IL 06040"
North Madison,"05045 Bolton Parkway
Noahchester, MD 47889"
Port Davidland,"1406 Dickson Walk
Anthonyview, KY 20659"
Joshuachester,"0956 Monroe Points Apt. 333
West Benjamin, WV 67723"
East Cameronborough,"37281 West Branch
Robertfurt, MT 43235"
West Brianna,"5914 Teresa Valley Apt. 115
Stevenshire, OH 36197"
Martinshire,"7982 David Center
Sharonside, NE 10800"
Glennborough,"USNS Ryan
FPO AA 97790"
Leeside,"893 Taylor Place
New Stacie, AL 57754"
West Nathanielberg,"686 Tyler Crest Suite 236
South David, FM 45168"
Port Thomas,"USNS Little
FPO AP 85090"
Coltonshire,"4095 Michael Courts
East Jennifer, MH 87628"
Kaylaland,"19620 Christopher Walk
Amberchester, AL 76596"
East Jamesview,"5631 Watts Lane
Lake Melissamouth, OH 16985"
Smallmouth,"277 Scott Drive
Port Brian, AR 81478"
Brownview,"327 Christopher Highway
Millershire, PR 69568"
Morrisonville,"908 George Fort
West Sean, WV 45937"
Changville,"2208 Peterson Forest
Lake Donald, FL 89328"
North Christopherton,"00648 Prince Station
Danielsmouth, GA 88635"
West Sean,"9954 Ellen Pass
Lake Tricia, NC 25195"
Nguyentown,"479 Ray Springs
Shawshire, CA 85358"
Holmeston,"67807 Cooper Meadow
East Jennifer, CT 85998"
Port Wandaland,"53989 Johnson Inlet Suite 232
North Julieborough, MD 34602"
Port Williambury,"3718 Carlson Junctions Apt. 967
Port Colintown, FL 20313"
West Jonathantown,"95551 Timothy Locks Apt. 387
Wileyton, NE 71888"
South Robert,"83009 Michael Junctions Suite 324
North Juanport, WI 41478"
South Valerieshire,"618 Natalie Ranch Apt. 714
Lake Victorialand, VA 84568"
North Aaronhaven,"959 Manning Via
North Jamieton, NJ 73978"
Deborahmouth,"864 Diaz Park Apt. 250
Ruizview, AZ 10893"
Lake Laura,"0211 Pamela Roads
Kendrachester, NM 26615"
